Site Code,Location*,Ward,Enforcement Start Date,Enforcement End Date,44013,44044,44075,44105,44136,44166,44197,44228,44256,44287,44317,44348,44378,44409,44440,44470,44501,44531,44562,44593,44621,44652,44682,44713,44743,44774,44805,44835,44866,44896,44927,44958,44986,45017,45047,45078,45108,45139,45170,45200,45231
A001,Royalcrest Rd. Near Cabernet Circle,1,2020-07-06T00:00:00Z,44146,1117,479,487,354,39,-,-,-,-,-,-,-,-,-,-,-,-,-,-,-,-,-,-,-,-,-,-,-,-,-,-,-,-,-,-,-,-,-,-,-,-
A002,Harefield Dr. Near Barford Rd.,1,2020-07-06T00:00:00Z,44129,43,21,10,16,-,-,-,-,-,-,-,-,-,-,-,-,-,-,-,-,-,-,-,-,-,-,-,-,-,-,-,-,-,-,-,-,-,-,-,-,-
A003,Renforth Dr. Near Lafferty St.,2,2020-07-06T00:00:00Z,44129,2428,1665,1037,268,-,-,-,-,-,-,-,-,-,-,-,-,-,-,-,-,-,-,-,-,-,-,-,-,-,-,-,-,-,-,-,-,-,-,-,-,-
A004,Trehorne Dr. Near Duffield Rd.,2,2020-07-06T00:00:00Z,44129,837,415,239,168,-,-,-,-,-,-,-,-,-,-,-,-,-,-,-,-,-,-,-,-,-,-,-,-,-,-,-,-,-,-,-,-,-,-,-,-,-
A005,Horner Ave. Near Orianna Dr.,3,2020-07-06T00:00:00Z,44129,665,350,96,247,-,-,-,-,-,-,-,-,-,-,-,-,-,-,-,-,-,-,-,-,-,-,-,-,-,-,-,-,-,-,-,-,-,-,-,-,-
A006,Chartwell Rd. South of Larstone Ave.,3,2020-07-06T00:00:00Z,44129,17,3,6,20,-,-,-,-,-,-,-,-,-,-,-,-,-,-,-,-,-,-,-,-,-,-,-,-,-,-,-,-,-,-,-,-,-,-,-,-,-
A007,Jameson Ave. South of Laxton Ave.,4,2020-07-06T00:00:00Z,44177,400,524,524,443,39,-,-,-,-,-,-,-,-,-,-,-,-,-,-,-,-,-,-,-,-,-,-,-,-,-,-,-,-,-,-,-,-,-,-,-,-
A008,Close Ave. South of Queen St. W.,4,2020-07-06T00:00:00Z,44129,37,64,35,31,-,-,-,-,-,-,-,-,-,-,-,-,-,-,-,-,-,-,-,-,-,-,-,-,-,-,-,-,-,-,-,-,-,-,-,-,-
A009,Bicknell Ave. South of Avon Dr.,5,2020-07-06T00:00:00Z,44129,1665,1164,545,636,-,-,-,-,-,-,-,-,-,-,-,-,-,-,-,-,-,-,-,-,-,-,-,-,-,-,-,-,-,-,-,-,-,-,-,-,-
A010,Brookhaven Dr. North of Nordale Cres.,5,2020-07-06T00:00:00Z,44129,331,301,149,143,-,-,-,-,-,-,-,-,-,-,-,-,-,-,-,-,-,-,-,-,-,-,-,-,-,-,-,-,-,-,-,-,-,-,-,-,-
A011,Faywood Blvd. Near Laurelcrest Ave.,6,2020-07-06T00:00:00Z,44129,299,271,67,189,-,-,-,-,-,-,-,-,-,-,-,-,-,-,-,-,-,-,-,-,-,-,-,-,-,-,-,-,-,-,-,-,-,-,-,-,-
A012,Wilmington Ave. North of Purdon Dr.,6,2020-07-06T00:00:00Z,44129,1242,1025,253,400,-,-,-,-,-,-,-,-,-,-,-,-,-,-,-,-,-,-,-,-,-,-,-,-,-,-,-,-,-,-,-,-,-,-,-,-,-
A013,Derrydown Rd. North of Catford Rd.,7,2020-07-06T00:00:00Z,44129,1,10,16,9,-,-,-,-,-,-,-,-,-,-,-,-,-,-,-,-,-,-,-,-,-,-,-,-,-,-,-,-,-,-,-,-,-,-,-,-,-
A014,Grandravine Dr. East of Jane St.,7,2020-07-06T00:00:00Z,44146,231,146,112,71,44,-,-,-,-,-,-,-,-,-,-,-,-,-,-,-,-,-,-,-,-,-,-,-,-,-,-,-,-,-,-,-,-,-,-,-,-
A015,Corona St. South of Claver Ave.,8,2020-07-06T00:00:00Z,44146,315,120,83,64,40,-,-,-,-,-,-,-,-,-,-,-,-,-,-,-,-,-,-,-,-,-,-,-,-,-,-,-,-,-,-,-,-,-,-,-,-
A016,Ridge Hill Dr. West of Old Park Rd.,8,2020-07-06T00:00:00Z,44159,578,344,242,159,146,-,-,-,-,-,-,-,-,-,-,-,-,-,-,-,-,-,-,-,-,-,-,-,-,-,-,-,-,-,-,-,-,-,-,-,-
A017,Caledonia Rd. North of Rogers Rd.,9,2020-07-06T00:00:00Z,44129,1653,1468,511,628,-,-,-,-,-,-,-,-,-,-,-,-,-,-,-,-,-,-,-,-,-,-,-,-,-,-,-,-,-,-,-,-,-,-,-,-,-
A018,Gladstone Ave. South of Cross St.,9,2020-07-06T00:00:00Z,44129,235,468,343,225,-,-,-,-,-,-,-,-,-,-,-,-,-,-,-,-,-,-,-,-,-,-,-,-,-,-,-,-,-,-,-,-,-,-,-,-,-
A019,Manning Ave. North of Robinson St.,10,2020-07-06T00:00:00Z,44129,23,19,11,13,-,-,-,-,-,-,-,-,-,-,-,-,-,-,-,-,-,-,-,-,-,-,-,-,-,-,-,-,-,-,-,-,-,-,-,-,-
A020,Givins St. South of Argyle St.,10,2020-07-06T00:00:00Z,44129,15,45,26,13,-,-,-,-,-,-,-,-,-,-,-,-,-,-,-,-,-,-,-,-,-,-,-,-,-,-,-,-,-,-,-,-,-,-,-,-,-
A021,Lippincott St. South of Vankoughnet St.,11,2020-07-06T00:00:00Z,44129,24,48,34,29,-,-,-,-,-,-,-,-,-,-,-,-,-,-,-,-,-,-,-,-,-,-,-,-,-,-,-,-,-,-,-,-,-,-,-,-,-
A022,Huron St. South of Bernard Ave.,11,2020-07-06T00:00:00Z,44129,168,213,133,141,-,-,-,-,-,-,-,-,-,-,-,-,-,-,-,-,-,-,-,-,-,-,-,-,-,-,-,-,-,-,-,-,-,-,-,-,-
A023,Atlas Ave. South of Ava Rd.,12,2020-07-06T00:00:00Z,44129,39,31,28,17,-,-,-,-,-,-,-,-,-,-,-,-,-,-,-,-,-,-,-,-,-,-,-,-,-,-,-,-,-,-,-,-,-,-,-,-,-
A024,Brownlow Ave. South of Eglinton Ave. E.,12,2020-07-06T00:00:00Z,44129,140,113,88,72,-,-,-,-,-,-,-,-,-,-,-,-,-,-,-,-,-,-,-,-,-,-,-,-,-,-,-,-,-,-,-,-,-,-,-,-,-
A025,Prospect St. East of Ontario St.,13,2020-07-06T00:00:00Z,44129,3,3,3,1,-,-,-,-,-,-,-,-,-,-,-,-,-,-,-,-,-,-,-,-,-,-,-,-,-,-,-,-,-,-,-,-,-,-,-,-,-
A026,Spruce St. Near Gifford St.,13,2020-07-06T00:00:00Z,44129,0,3,8,2,-,-,-,-,-,-,-,-,-,-,-,-,-,-,-,-,-,-,-,-,-,-,-,-,-,-,-,-,-,-,-,-,-,-,-,-,-
A027,Chatham Ave. East of Jones Ave.,14,2020-07-06T00:00:00Z,44129,670,443,340,180,-,-,-,-,-,-,-,-,-,-,-,-,-,-,-,-,-,-,-,-,-,-,-,-,-,-,-,-,-,-,-,-,-,-,-,-,-
A028,Morse St. South of Queen St. E.,14,2020-07-06T00:00:00Z,44129,28,15,21,54,-,-,-,-,-,-,-,-,-,-,-,-,-,-,-,-,-,-,-,-,-,-,-,-,-,-,-,-,-,-,-,-,-,-,-,-,-
A029,Bessborough Dr. North of Field Ave.,15,2020-07-06T00:00:00Z,44129,233,272,184,127,-,-,-,-,-,-,-,-,-,-,-,-,-,-,-,-,-,-,-,-,-,-,-,-,-,-,-,-,-,-,-,-,-,-,-,-,-
A030,Ranleigh Ave. East of Yonge St.,15,2020-07-06T00:00:00Z,44129,241,382,146,75,-,-,-,-,-,-,-,-,-,-,-,-,-,-,-,-,-,-,-,-,-,-,-,-,-,-,-,-,-,-,-,-,-,-,-,-,-
A031,Gateway Blvd. Near 10 Gateway Blvd.,16,2020-07-06T00:00:00Z,44129,721,1123,964,465,-,-,-,-,-,-,-,-,-,-,-,-,-,-,-,-,-,-,-,-,-,-,-,-,-,-,-,-,-,-,-,-,-,-,-,-,-
A032,Ness Dr. North of York Mills Rd.,16,2020-07-06T00:00:00Z,44129,7,13,7,5,-,-,-,-,-,-,-,-,-,-,-,-,-,-,-,-,-,-,-,-,-,-,-,-,-,-,-,-,-,-,-,-,-,-,-,-,-
A033,Elkhorn Dr. West of Red Maple Court,17,2020-07-06T00:00:00Z,44129,4,118,89,72,-,-,-,-,-,-,-,-,-,-,-,-,-,-,-,-,-,-,-,-,-,-,-,-,-,-,-,-,-,-,-,-,-,-,-,-,-
A034,Cherokee Blvd. South of Pinto Dr.,17,2020-07-06T00:00:00Z,44129,154,230,164,87,-,-,-,-,-,-,-,-,-,-,-,-,-,-,-,-,-,-,-,-,-,-,-,-,-,-,-,-,-,-,-,-,-,-,-,-,-
A035,Patricia Ave. West of Homewood Ave.,18,2020-07-06T00:00:00Z,44129,273,298,236,133,-,-,-,-,-,-,-,-,-,-,-,-,-,-,-,-,-,-,-,-,-,-,-,-,-,-,-,-,-,-,-,-,-,-,-,-,-
A036,Lillian St. South of Abitibi Ave.,18,2020-07-06T00:00:00Z,44129,251,251,145,109,-,-,-,-,-,-,-,-,-,-,-,-,-,-,-,-,-,-,-,-,-,-,-,-,-,-,-,-,-,-,-,-,-,-,-,-,-
A037,Main St. South of Swanwick Ave.,19,2020-07-06T00:00:00Z,44146,412,487,231,143,6,-,-,-,-,-,-,-,-,-,-,-,-,-,-,-,-,-,-,-,-,-,-,-,-,-,-,-,-,-,-,-,-,-,-,-,-
A038,Barrington Ave. North of Secord Ave.,19,2020-07-06T00:00:00Z,44129,553,477,324,191,-,-,-,-,-,-,-,-,-,-,-,-,-,-,-,-,-,-,-,-,-,-,-,-,-,-,-,-,-,-,-,-,-,-,-,-,-
A039,Falmouth Ave. South of Brussels Rd.,20,2020-07-06T00:00:00Z,44129,86,151,88,37,-,-,-,-,-,-,-,-,-,-,-,-,-,-,-,-,-,-,-,-,-,-,-,-,-,-,-,-,-,-,-,-,-,-,-,-,-
A040,Birchmount Rd. North of Kingston Rd.,20,2020-07-06T00:00:00Z,44129,759,854,661,212,-,-,-,-,-,-,-,-,-,-,-,-,-,-,-,-,-,-,-,-,-,-,-,-,-,-,-,-,-,-,-,-,-,-,-,-,-
A041,Brimorton Dr. East of Hathway Dr.,21,2020-07-06T00:00:00Z,44129,499,487,366,204,-,-,-,-,-,-,-,-,-,-,-,-,-,-,-,-,-,-,-,-,-,-,-,-,-,-,-,-,-,-,-,-,-,-,-,-,-
A042,Marcos Blvd. Near Cicerella Cres.,21,2020-07-06T00:00:00Z,44129,4,7,9,7,-,-,-,-,-,-,-,-,-,-,-,-,-,-,-,-,-,-,-,-,-,-,-,-,-,-,-,-,-,-,-,-,-,-,-,-,-
A043,Beverly Glen Blvd. West of Stonebridge Blvd.,22,2020-07-06T00:00:00Z,44139,6,7,11,7,-,-,-,-,-,-,-,-,-,-,-,-,-,-,-,-,-,-,-,-,-,-,-,-,-,-,-,-,-,-,-,-,-,-,-,-,-
A044,Silver Springs Blvd. Near Revlis Cres.,22,2020-07-06T00:00:00Z,44129,355,47,51,32,-,-,-,-,-,-,-,-,-,-,-,-,-,-,-,-,-,-,-,-,-,-,-,-,-,-,-,-,-,-,-,-,-,-,-,-,-
A045,Crow Trail Near Bradstone Square,23,2020-07-06T00:00:00Z,44129,163,126,88,32,-,-,-,-,-,-,-,-,-,-,-,-,-,-,-,-,-,-,-,-,-,-,-,-,-,-,-,-,-,-,-,-,-,-,-,-,-
A046,Alton Towers Circle Near 295 Alton Towers Circle,23,2020-07-06T00:00:00Z,44129,65,122,103,42,-,-,-,-,-,-,-,-,-,-,-,-,-,-,-,-,-,-,-,-,-,-,-,-,-,-,-,-,-,-,-,-,-,-,-,-,-
A047,Galloway Rd. North of Lawrence Ave. E.,24,2020-07-06T00:00:00Z,44129,1,3,22,9,-,-,-,-,-,-,-,-,-,-,-,-,-,-,-,-,-,-,-,-,-,-,-,-,-,-,-,-,-,-,-,-,-,-,-,-,-
A048,Military Trail East of Cindy Nicholas Dr.,24,2020-07-06T00:00:00Z,44129,647,544,497,299,-,-,-,-,-,-,-,-,-,-,-,-,-,-,-,-,-,-,-,-,-,-,-,-,-,-,-,-,-,-,-,-,-,-,-,-,-
A049,Hupfield Trail Near Glanvil Cres.,25,2020-07-06T00:00:00Z,44129,118,169,128,40,-,-,-,-,-,-,-,-,-,-,-,-,-,-,-,-,-,-,-,-,-,-,-,-,-,-,-,-,-,-,-,-,-,-,-,-,-
A050,Murison Blvd. Near Curtis Cres.,25,2020-07-06T00:00:00Z,44129,48,153,71,32,-,-,-,-,-,-,-,-,-,-,-,-,-,-,-,-,-,-,-,-,-,-,-,-,-,-,-,-,-,-,-,-,-,-,-,-,-
A051,Golfdown Dr. East of Turpin Ave.,1,2020-11-25T00:00:00Z,44326,-,-,-,-,11,340,283,178,155,236,94,-,-,-,-,-,-,-,-,-,-,-,-,-,-,-,-,-,-,-,-,-,-,-,-,-,-,-,-,-,-
A052,Mount Olive Dr. West of Kipling Ave.,1,2020-12-03T00:00:00Z,44326,-,-,-,-,-,588,427,60,104,84,25,-,-,-,-,-,-,-,-,-,-,-,-,-,-,-,-,-,-,-,-,-,-,-,-,-,-,-,-,-,-
A053,The Kingsway South of Hartfield Rd.,2,2020-11-09T00:00:00Z,44322,-,-,-,-,883,445,701,516,611,578,194,-,-,-,-,-,-,-,-,-,-,-,-,-,-,-,-,-,-,-,-,-,-,-,-,-,-,-,-,-,-
A054,Mill Rd. North of Bloor St. W.,2,2020-11-09T00:00:00Z,44326,-,-,-,-,334,424,280,310,261,340,32,-,-,-,-,-,-,-,-,-,-,-,-,-,-,-,-,-,-,-,-,-,-,-,-,-,-,-,-,-,-
A055,Mimico Ave. West of Station Rd.,3,2020-11-18T00:00:00Z,44322,-,-,-,-,316,408,595,603,487,671,157,-,-,-,-,-,-,-,-,-,-,-,-,-,-,-,-,-,-,-,-,-,-,-,-,-,-,-,-,-,-
A056,Stanley Ave. Near Elizabeth St.,3,2020-12-03T00:00:00Z,44322,-,-,-,-,-,2888,621,210,278,323,53,-,-,-,-,-,-,-,-,-,-,-,-,-,-,-,-,-,-,-,-,-,-,-,-,-,-,-,-,-,-
A057,Willard Ave. Near Rexford Rd.,4,2020-12-22T00:00:00Z,44322,-,-,-,-,-,6,11,10,20,21,1,-,-,-,-,-,-,-,-,-,-,-,-,-,-,-,-,-,-,-,-,-,-,-,-,-,-,-,-,-,-
A058,Mountview Ave. Near 51 Mountview Ave.,4,2020-11-19T00:00:00Z,44327,-,-,-,-,-,1,2,1,3,1,4,-,-,-,-,-,-,-,-,-,-,-,-,-,-,-,-,-,-,-,-,-,-,-,-,-,-,-,-,-,-
A059,Rockcliffe Blvd. Near Rockcliffe Court,5,2020-11-09T00:00:00Z,44322,-,-,-,-,801,1316,872,1236,1264,529,287,-,-,-,-,-,-,-,-,-,-,-,-,-,-,-,-,-,-,-,-,-,-,-,-,-,-,-,-,-,-
A060,Jane St. North of Lambton Ave.,5,2020-11-09T00:00:00Z,44327,-,-,-,-,1675,1198,1519,1332,2346,1511,757,-,-,-,-,-,-,-,-,-,-,-,-,-,-,-,-,-,-,-,-,-,-,-,-,-,-,-,-,-,-
A061,Ancaster Rd. Near Plewes Rd.,6,2020-11-09T00:00:00Z,44326,-,-,-,-,6,7,16,18,62,35,18,-,-,-,-,-,-,-,-,-,-,-,-,-,-,-,-,-,-,-,-,-,-,-,-,-,-,-,-,-,-
A062,Dovehouse Ave. West of Keele St.,6,2020-11-09T00:00:00Z,44326,-,-,-,-,123,74,108,82,125,184,57,-,-,-,-,-,-,-,-,-,-,-,-,-,-,-,-,-,-,-,-,-,-,-,-,-,-,-,-,-,-
A063,Topcliff Ave. Near 96 Topcliff Ave.,7,2020-11-25T00:00:00Z,44326,-,-,-,-,62,125,70,32,225,156,50,-,-,-,-,-,-,-,-,-,-,-,-,-,-,-,-,-,-,-,-,-,-,-,-,-,-,-,-,-,-
A064,Gracedale Blvd. Near Crimscott Rd.,7,2020-11-09T00:00:00Z,44326,-,-,-,-,15,17,9,10,55,33,7,-,-,-,-,-,-,-,-,-,-,-,-,-,-,-,-,-,-,-,-,-,-,-,-,-,-,-,-,-,-
A065,Avenue Rd. Near Castlefield Ave.,8,2020-12-03T00:00:00Z,44327,-,-,-,-,-,875,1256,1024,1224,582,649,-,-,-,-,-,-,-,-,-,-,-,-,-,-,-,-,-,-,-,-,-,-,-,-,-,-,-,-,-,-
A066,Bedford Park Ave. West of Yonge St.,8,2020-12-03T00:00:00Z,44319,-,-,-,-,-,7,13,17,35,19,2,-,-,-,-,-,-,-,-,-,-,-,-,-,-,-,-,-,-,-,-,-,-,-,-,-,-,-,-,-,-
A067,Laughton Ave. Near Talbot St.,9,2020-11-09T00:00:00Z,44342,-,-,-,-,1,5,2,2,18,9,8,-,-,-,-,-,-,-,-,-,-,-,-,-,-,-,-,-,-,-,-,-,-,-,-,-,-,-,-,-,-
A068,Ruskin Ave. West of Perth Ave.,9,2020-11-10T00:00:00Z,44326,-,-,-,-,77,10,6,8,49,57,26,-,-,-,-,-,-,-,-,-,-,-,-,-,-,-,-,-,-,-,-,-,-,-,-,-,-,-,-,-,-
A069,Denison Ave. South of Grange Ave.,10,2020-11-09T00:00:00Z,44326,-,-,-,-,412,351,217,187,254,166,127,-,-,-,-,-,-,-,-,-,-,-,-,-,-,-,-,-,-,-,-,-,-,-,-,-,-,-,-,-,-
A070,Brant St. South of Adelaide St. W.,10,2020-11-11T00:00:00Z,44321,-,-,-,-,140,138,67,74,275,205,47,-,-,-,-,-,-,-,-,-,-,-,-,-,-,-,-,-,-,-,-,-,-,-,-,-,-,-,-,-,-
A071,Orde St. West of Murray St.,11,2020-12-14T00:00:00Z,44342,-,-,-,-,-,14,25,16,16,17,10,-,-,-,-,-,-,-,-,-,-,-,-,-,-,-,-,-,-,-,-,-,-,-,-,-,-,-,-,-,-
A072,Essex St. West of Christie St.,11,2020-11-16T00:00:00Z,44327,-,-,-,-,48,98,57,15,121,102,44,-,-,-,-,-,-,-,-,-,-,-,-,-,-,-,-,-,-,-,-,-,-,-,-,-,-,-,-,-,-
A073,Ava Rd. East of Westover Hill Rd.,12,2020-11-11T00:00:00Z,44328,-,-,-,-,199,275,184,44,380,338,157,-,-,-,-,-,-,-,-,-,-,-,-,-,-,-,-,-,-,-,-,-,-,-,-,-,-,-,-,-,-
A074,Tweedsmuir Ave. South of Heath St. W.,12,2020-11-17T00:00:00Z,44326,-,-,-,-,38,119,82,34,189,162,47,-,-,-,-,-,-,-,-,-,-,-,-,-,-,-,-,-,-,-,-,-,-,-,-,-,-,-,-,-,-
A075,Sherbourne St. South of Wellesley St. E.,13,2020-11-16T00:00:00Z,44327,-,-,-,-,228,600,460,355,431,341,167,-,-,-,-,-,-,-,-,-,-,-,-,-,-,-,-,-,-,-,-,-,-,-,-,-,-,-,-,-,-
A076,Berkeley St. South of Gerrard St. E.,13,2020-11-25T00:00:00Z,44347,-,-,-,-,-,2,2,7,14,5,16,-,-,-,-,-,-,-,-,-,-,-,-,-,-,-,-,-,-,-,-,-,-,-,-,-,-,-,-,-,-
A077,Dundas St. E. East of Broadview Ave.,14,2020-11-09T00:00:00Z,44322,-,-,-,-,242,242,219,154,304,310,50,-,-,-,-,-,-,-,-,-,-,-,-,-,-,-,-,-,-,-,-,-,-,-,-,-,-,-,-,-,-
A078,Lesmount Ave. South of Cosburn Ave.,14,2020-11-09T00:00:00Z,44322,-,-,-,-,50,66,34,14,106,110,17,-,-,-,-,-,-,-,-,-,-,-,-,-,-,-,-,-,-,-,-,-,-,-,-,-,-,-,-,-,-
A079,Erskine Ave. West of Redpath Ave.,15,2020-11-09T00:00:00Z,44319,-,-,-,-,438,660,469,119,569,500,0,-,-,-,-,-,-,-,-,-,-,-,-,-,-,-,-,-,-,-,-,-,-,-,-,-,-,-,-,-,-
A080,Thorncliffe Park Dr. Near 79 Thorncliffe Park Dr.,15,2020-11-20T00:00:00Z,44319,-,-,-,-,36,153,111,80,201,219,28,-,-,-,-,-,-,-,-,-,-,-,-,-,-,-,-,-,-,-,-,-,-,-,-,-,-,-,-,-,-
A081,Fenside Dr. South of Roywood Dr.,16,2020-11-16T00:00:00Z,44319,-,-,-,-,3,47,30,35,125,82,1,-,-,-,-,-,-,-,-,-,-,-,-,-,-,-,-,-,-,-,-,-,-,-,-,-,-,-,-,-,-
A082,Underhill Dr. Near Bevridge Dr.,16,2020-11-09T00:00:00Z,44319,-,-,-,-,267,462,677,438,410,418,30,-,-,-,-,-,-,-,-,-,-,-,-,-,-,-,-,-,-,-,-,-,-,-,-,-,-,-,-,-,-
A083,Sheppard Ave. E. West of Don Mills Rd.,17,2020-12-10T00:00:00Z,44319,-,-,-,-,-,1117,6611,4618,5247,3708,-,-,-,-,-,-,-,-,-,-,-,-,-,-,-,-,-,-,-,-,-,-,-,-,-,-,-,-,-,-,-
A084,Seneca Hill Dr. West of Don Mills Rd.,17,2020-12-03T00:00:00Z,44341,-,-,-,-,-,255,185,48,148,99,121,-,-,-,-,-,-,-,-,-,-,-,-,-,-,-,-,-,-,-,-,-,-,-,-,-,-,-,-,-,-
A085,Doris Ave. North of Spring Garden Ave.,18,2020-11-11T00:00:00Z,44320,-,-,-,-,485,48,694,1166,3102,2799,268,-,-,-,-,-,-,-,-,-,-,-,-,-,-,-,-,-,-,-,-,-,-,-,-,-,-,-,-,-,-
A086,Church Ave. East of Doris Ave.,18,2020-11-11T00:00:00Z,44320,-,-,-,-,177,338,247,106,163,151,24,-,-,-,-,-,-,-,-,-,-,-,-,-,-,-,-,-,-,-,-,-,-,-,-,-,-,-,-,-,-
A087,Kingston Rd. Near Heyworth Cres.,19,2020-11-16T00:00:00Z,44319,-,-,-,-,1264,673,1749,987,1545,1050,57,-,-,-,-,-,-,-,-,-,-,-,-,-,-,-,-,-,-,-,-,-,-,-,-,-,-,-,-,-,-
A088,Spruce Hill Rd. North of Queen St. E.,19,2020-11-25T00:00:00Z,44319,-,-,-,-,1,33,46,58,169,107,4,-,-,-,-,-,-,-,-,-,-,-,-,-,-,-,-,-,-,-,-,-,-,-,-,-,-,-,-,-,-
A089,Edge Park Ave. East of Victoria Park Ave.,20,2020-11-17T00:00:00Z,44319,-,-,-,-,13,137,86,52,78,138,12,-,-,-,-,-,-,-,-,-,-,-,-,-,-,-,-,-,-,-,-,-,-,-,-,-,-,-,-,-,-
A090,Birchcliff Ave. Near Freeman St.,20,2020-11-18T00:00:00Z,44319,-,-,-,-,-,8,6,4,22,16,2,-,-,-,-,-,-,-,-,-,-,-,-,-,-,-,-,-,-,-,-,-,-,-,-,-,-,-,-,-,-
A091,Ellesmere Rd. East of Mondeo Dr.,21,2020-11-18T00:00:00Z,44322,-,-,-,-,1477,1644,1540,1842,1967,1409,276,-,-,-,-,-,-,-,-,-,-,-,-,-,-,-,-,-,-,-,-,-,-,-,-,-,-,-,-,-,-
A092,Gooderham Dr. South of Murray Glen Dr.,21,2020-12-02T00:00:00Z,44320,-,-,-,-,-,44,24,34,69,42,7,-,-,-,-,-,-,-,-,-,-,-,-,-,-,-,-,-,-,-,-,-,-,-,-,-,-,-,-,-,-
A093,Birchmount Rd. South of Huntingwood Dr.,22,2020-11-25T00:00:00Z,44320,-,-,-,-,785,1838,1934,1332,1379,898,222,-,-,-,-,-,-,-,-,-,-,-,-,-,-,-,-,-,-,-,-,-,-,-,-,-,-,-,-,-,-
A094,Southlawn Dr. Near Buena Vista Ave.,22,2020-11-18T00:00:00Z,44320,-,-,-,-,-,3,10,8,32,17,4,-,-,-,-,-,-,-,-,-,-,-,-,-,-,-,-,-,-,-,-,-,-,-,-,-,-,-,-,-,-
A095,McCowan Rd. North of Kenhatch Blvd.,23,2020-12-03T00:00:00Z,44320,-,-,-,-,-,1762,3237,3531,3266,2119,-,-,-,-,-,-,-,-,-,-,-,-,-,-,-,-,-,-,-,-,-,-,-,-,-,-,-,-,-,-,-
A096,Brimwood Blvd. Near Bridley Dr.,23,2020-12-07T00:00:00Z,44320,-,-,-,-,-,56,54,107,237,113,11,-,-,-,-,-,-,-,-,-,-,-,-,-,-,-,-,-,-,-,-,-,-,-,-,-,-,-,-,-,-
A097,Scarborough Golf Club Rd. North of Lawrence Ave. E.,24,2020-12-10T00:00:00Z,44344,-,-,-,-,-,1627,2102,1394,1738,1040,2329,-,-,-,-,-,-,-,-,-,-,-,-,-,-,-,-,-,-,-,-,-,-,-,-,-,-,-,-,-,-
A098,Holmfirth Terrace West of Vanwart Dr.,24,2020-11-19T00:00:00Z,44327,-,-,-,-,99,326,185,184,289,223,39,-,-,-,-,-,-,-,-,-,-,-,-,-,-,-,-,-,-,-,-,-,-,-,-,-,-,-,-,-,-
A099,Charlottetown Blvd. Near McCulley St.,25,2020-11-19T00:00:00Z,44320,-,-,-,-,38,187,68,93,154,235,27,-,-,-,-,-,-,-,-,-,-,-,-,-,-,-,-,-,-,-,-,-,-,-,-,-,-,-,-,-,-
A100,Durnford Rd. North of Rylander Blvd.,25,2020-12-02T00:00:00Z,44320,-,-,-,-,-,142,46,83,160,81,-,-,-,-,-,-,-,-,-,-,-,-,-,-,-,-,-,-,-,-,-,-,-,-,-,-,-,-,-,-,-
A101,Martin Grove Rd. North of Garfella Dr.,1,2021-06-08T00:00:00Z,44488,-,-,-,-,-,-,-,-,-,-,-,2362,1172,690,1346,993,-,-,-,-,-,-,-,-,-,-,-,-,-,-,-,-,-,-,-,-,-,-,-,-,-
A102,John Garland Blvd. Near Kendleton Dr.,1,2021-06-09T00:00:00Z,44488,-,-,-,-,-,-,-,-,-,-,-,1382,167,320,300,200,-,-,-,-,-,-,-,-,-,-,-,-,-,-,-,-,-,-,-,-,-,-,-,-,-
A103,The East Mall South of Capri Rd,2,2021-07-14T00:00:00Z,44488,-,-,-,-,-,-,-,-,-,-,-,-,254,86,1279,345,-,-,-,-,-,-,-,-,-,-,-,-,-,-,-,-,-,-,-,-,-,-,-,-,-
A104,La Rose Ave. East of Griggsden Ave.,2,2021-05-27T00:00:00Z,44487,-,-,-,-,-,-,-,-,-,-,1,250,133,52,243,146,-,-,-,-,-,-,-,-,-,-,-,-,-,-,-,-,-,-,-,-,-,-,-,-,-
A105,Algoma St. East of Royal York Rd.,3,2021-06-08T00:00:00Z,44496,-,-,-,-,-,-,-,-,-,-,-,180,238,165,127,159,-,-,-,-,-,-,-,-,-,-,-,-,-,-,-,-,-,-,-,-,-,-,-,-,-
A106,Lake Shore Blvd. W. Near Twentieth St.,3,2021-08-18T00:00:00Z,44496,-,-,-,-,-,-,-,-,-,-,-,-,-,16,18,101,-,-,-,-,-,-,-,-,-,-,-,-,-,-,-,-,-,-,-,-,-,-,-,-,-
A107,Windermere Ave. Near St. Olaves Rd.,4,2021-06-01T00:00:00Z,44489,-,-,-,-,-,-,-,-,-,-,-,2689,-,202,794,602,-,-,-,-,-,-,-,-,-,-,-,-,-,-,-,-,-,-,-,-,-,-,-,-,-
A108,Annette St. Near Laws St.,4,2021-06-18T00:00:00Z,44487,-,-,-,-,-,-,-,-,-,-,-,70,153,324,88,97,-,-,-,-,-,-,-,-,-,-,-,-,-,-,-,-,-,-,-,-,-,-,-,-,-
A109,Guestville Ave. Near Dennis Ave.,5,2021-06-02T00:00:00Z,44487,-,-,-,-,-,-,-,-,-,-,-,332,121,74,88,147,-,-,-,-,-,-,-,-,-,-,-,-,-,-,-,-,-,-,-,-,-,-,-,-,-
A110,Culford Rd. North of Burr Ave.,5,2021-06-14T00:00:00Z,44516,-,-,-,-,-,-,-,-,-,-,-,453,160,207,404,204,136,-,-,-,-,-,-,-,-,-,-,-,-,-,-,-,-,-,-,-,-,-,-,-,-
A111,Wilson Ave. Near 1196 Wilson Ave.,6,2021-06-08T00:00:00Z,44490,-,-,-,-,-,-,-,-,-,-,-,3369,2152,1453,1737,901,-,-,-,-,-,-,-,-,-,-,-,-,-,-,-,-,-,-,-,-,-,-,-,-,-
A112,Northover St. South of Sheppard Ave. W.,6,2021-05-29T00:00:00Z,44490,-,-,-,-,-,-,-,-,-,-,11,137,100,112,116,45,-,-,-,-,-,-,-,-,-,-,-,-,-,-,-,-,-,-,-,-,-,-,-,-,-
A113,Shoreham Dr. West of Gosford Blvd.,7,2021-06-09T00:00:00Z,44495,-,-,-,-,-,-,-,-,-,-,-,375,183,187,142,86,-,-,-,-,-,-,-,-,-,-,-,-,-,-,-,-,-,-,-,-,-,-,-,-,-
A114,Stong Court West of Driftwood Ave.,7,2021-06-02T00:00:00Z,44498,-,-,-,-,-,-,-,-,-,-,-,21,33,21,18,20,-,-,-,-,-,-,-,-,-,-,-,-,-,-,-,-,-,-,-,-,-,-,-,-,-
A115,Wilson Ave. West of Belgrave Ave.,8,2021-07-15T00:00:00Z,44488,-,-,-,-,-,-,-,-,-,-,-,-,112,259,507,245,-,-,-,-,-,-,-,-,-,-,-,-,-,-,-,-,-,-,-,-,-,-,-,-,-
A116,Marlee Ave. South of Hillmount Ave,8,2021-06-11T00:00:00Z,44489,-,-,-,-,-,-,-,-,-,-,-,691,149,201,561,657,-,-,-,-,-,-,-,-,-,-,-,-,-,-,-,-,-,-,-,-,-,-,-,-,-
A117,Dufferin St. Near Waterloo Ave.,9,2021-07-28T00:00:00Z,44496,-,-,-,-,-,-,-,-,-,-,-,-,1,256,308,554,-,-,-,-,-,-,-,-,-,-,-,-,-,-,-,-,-,-,-,-,-,-,-,-,-
A118,Concord Ave. North of College St.,9,2021-06-21T00:00:00Z,44496,-,-,-,-,-,-,-,-,-,-,-,-,103,209,134,144,-,-,-,-,-,-,-,-,-,-,-,-,-,-,-,-,-,-,-,-,-,-,-,-,-
A119,Dundas St. W. Near Carlyle St.,10,2021-08-04T00:00:00Z,44495,-,-,-,-,-,-,-,-,-,-,-,-,-,141,614,1427,-,-,-,-,-,-,-,-,-,-,-,-,-,-,-,-,-,-,-,-,-,-,-,-,-
A120,The Esplanade East of Princess St.,10,2021-06-24T00:00:00Z,44487,-,-,-,-,-,-,-,-,-,-,-,3,35,50,50,14,-,-,-,-,-,-,-,-,-,-,-,-,-,-,-,-,-,-,-,-,-,-,-,-,-
A121,Avenue Rd. Near Macpherson Ave,11,2021-07-09T00:00:00Z,44490,-,-,-,-,-,-,-,-,-,-,-,-,246,303,622,265,-,-,-,-,-,-,-,-,-,-,-,-,-,-,-,-,-,-,-,-,-,-,-,-,-
A122,Clinton St North of College St.,11,2021-06-21T00:00:00Z,44489,-,-,-,-,-,-,-,-,-,-,-,90,65,232,232,279,-,-,-,-,-,-,-,-,-,-,-,-,-,-,-,-,-,-,-,-,-,-,-,-,-
A123,Davisville Ave. Near Acacia Rd.,12,2021-06-18T00:00:00Z,44488,-,-,-,-,-,-,-,-,-,-,-,1318,1168,954,700,1084,-,-,-,-,-,-,-,-,-,-,-,-,-,-,-,-,-,-,-,-,-,-,-,-,-
A124,Bansley Ave South of Vaughan Rd,12,2021-06-21T00:00:00Z,44489,-,-,-,-,-,-,-,-,-,-,-,-,-,1,2,-,-,-,-,-,-,-,-,-,-,-,-,-,-,-,-,-,-,-,-,-,-,-,-,-,-
A125,Homewood Ave. Near Maitland Place,13,2021-07-05T00:00:00Z,44488,-,-,-,-,-,-,-,-,-,-,-,-,26,33,19,11,-,-,-,-,-,-,-,-,-,-,-,-,-,-,-,-,-,-,-,-,-,-,-,-,-
A126,Parliament St. North of Oak St.,13,2021-06-17T00:00:00Z,44491,-,-,-,-,-,-,-,-,-,-,-,415,788,825,761,371,-,-,-,-,-,-,-,-,-,-,-,-,-,-,-,-,-,-,-,-,-,-,-,-,-
A127,Greenwood Ave. South of Glebeholme Blvd.,14,2021-06-04T00:00:00Z,44476,-,-,-,-,-,-,-,-,-,-,-,3729,2127,2673,1582,653,-,-,-,-,-,-,-,-,-,-,-,-,-,-,-,-,-,-,-,-,-,-,-,-,-
A128,Plains Rd. Near Milton Rd.,14,2021-06-24T00:00:00Z,44476,-,-,-,-,-,-,-,-,-,-,-,189,410,251,386,118,-,-,-,-,-,-,-,-,-,-,-,-,-,-,-,-,-,-,-,-,-,-,-,-,-
A129,Blythwood Rd. Near Blyth Dale Rd.,15,2021-05-21T00:00:00Z,44477,-,-,-,-,-,-,-,-,-,-,190,237,498,254,246,27,-,-,-,-,-,-,-,-,-,-,-,-,-,-,-,-,-,-,-,-,-,-,-,-,-
A130,Leslie St. Southbond South of Lawrence Ave. E.,15,2021-05-20T00:00:00Z,44477,-,-,-,-,-,-,-,-,-,-,444,2515,672,1161,1189,440,-,-,-,-,-,-,-,-,-,-,-,-,-,-,-,-,-,-,-,-,-,-,-,-,-
A131,York Mills Rd. East of Rayoak Dr.,16,2021-05-21T00:00:00Z,44477,-,-,-,-,-,-,-,-,-,-,113,189,195,75,139,52,-,-,-,-,-,-,-,-,-,-,-,-,-,-,-,-,-,-,-,-,-,-,-,-,-
A132,Grenoble Dr. West of Spanbridge Rd.,16,2021-06-08T00:00:00Z,44477,-,-,-,-,-,-,-,-,-,-,-,170,161,213,122,42,-,-,-,-,-,-,-,-,-,-,-,-,-,-,-,-,-,-,-,-,-,-,-,-,-
A133,Van Horne Ave. West of Brian Dr.,17,2021-06-02T00:00:00Z,44482,-,-,-,-,-,-,-,-,-,-,-,197,111,151,160,64,-,-,-,-,-,-,-,-,-,-,-,-,-,-,-,-,-,-,-,-,-,-,-,-,-
A134,Parkway Forest Dr. Near 25 Parkway Forest Dr.,17,2021-06-08T00:00:00Z,44483,-,-,-,-,-,-,-,-,-,-,-,92,147,151,115,72,-,-,-,-,-,-,-,-,-,-,-,-,-,-,-,-,-,-,-,-,-,-,-,-,-
A135,Drewry Ave. East of Norwin St.,18,2021-06-09T00:00:00Z,44481,-,-,-,-,-,-,-,-,-,-,-,883,576,816,176,144,-,-,-,-,-,-,-,-,-,-,-,-,-,-,-,-,-,-,-,-,-,-,-,-,-
A136,Ellerslie Ave. Near Diagonal Rd.,18,2021-06-08T00:00:00Z,44483,-,-,-,-,-,-,-,-,-,-,-,21,21,18,10,0,-,-,-,-,-,-,-,-,-,-,-,-,-,-,-,-,-,-,-,-,-,-,-,-,-
A137,Victoria Park Ave. Near Tiago Ave.,19,2021-06-24T00:00:00Z,44491,-,-,-,-,-,-,-,-,-,-,-,848,2673,2332,2664,2640,-,-,-,-,-,-,-,-,-,-,-,-,-,-,-,-,-,-,-,-,-,-,-,-,-
A138,Secord Ave. Near Palmer Ave.,19,2021-06-18T00:00:00Z,44491,-,-,-,-,-,-,-,-,-,-,-,18,548,499,482,203,-,-,-,-,-,-,-,-,-,-,-,-,-,-,-,-,-,-,-,-,-,-,-,-,-
A139,Birchmount Rd. South of Sadler Dr.,20,2021-06-16T00:00:00Z,44481,-,-,-,-,-,-,-,-,-,-,-,153,245,330,109,126,-,-,-,-,-,-,-,-,-,-,-,-,-,-,-,-,-,-,-,-,-,-,-,-,-
A140,Bellamy Rd. S. North of Kingston Rd.,20,2021-06-21T00:00:00Z,44481,-,-,-,-,-,-,-,-,-,-,-,7,240,310,325,157,-,-,-,-,-,-,-,-,-,-,-,-,-,-,-,-,-,-,-,-,-,-,-,-,-
A141,Gilder Dr. East of Midland Ave.,21,2021-06-24T00:00:00Z,44481,-,-,-,-,-,-,-,-,-,-,-,1,245,114,56,34,-,-,-,-,-,-,-,-,-,-,-,-,-,-,-,-,-,-,-,-,-,-,-,-,-
A142,Lawrence Ave. E. West of Ben Stanton Blvd.,21,2021-07-07T00:00:00Z,44481,-,-,-,-,-,-,-,-,-,-,-,-,1297,320,451,423,-,-,-,-,-,-,-,-,-,-,-,-,-,-,-,-,-,-,-,-,-,-,-,-,-
A143,Bamburgh Circle Near 125 Bamburgh Circle,22,2021-05-20T00:00:00Z,44482,-,-,-,-,-,-,-,-,-,-,593,1172,220,112,422,183,-,-,-,-,-,-,-,-,-,-,-,-,-,-,-,-,-,-,-,-,-,-,-,-,-
A144,Chester Le Blvd. Near Pettibone Square,22,2021-05-20T00:00:00Z,44482,-,-,-,-,-,-,-,-,-,-,17,42,28,24,3,5,-,-,-,-,-,-,-,-,-,-,-,-,-,-,-,-,-,-,-,-,-,-,-,-,-
A145,Huntingwood Dr. Near Mollard Rd.,23,2021-06-04T00:00:00Z,44489,-,-,-,-,-,-,-,-,-,-,-,251,164,198,94,122,-,-,-,-,-,-,-,-,-,-,-,-,-,-,-,-,-,-,-,-,-,-,-,-,-
A146,Heather Rd. East of Glen Watford Dr.,23,2021-06-09T00:00:00Z,44489,-,-,-,-,-,-,-,-,-,-,-,187,122,145,114,93,-,-,-,-,-,-,-,-,-,-,-,-,-,-,-,-,-,-,-,-,-,-,-,-,-
A147,Military Trail Near 341 Military Trail,24,2021-06-18T00:00:00Z,44496,-,-,-,-,-,-,-,-,-,-,-,967,233,428,684,551,-,-,-,-,-,-,-,-,-,-,-,-,-,-,-,-,-,-,-,-,-,-,-,-,-
A148,Gatesview Ave. East of Cedar Dr.,24,2021-06-09T00:00:00Z,44496,-,-,-,-,-,-,-,-,-,-,-,17,32,42,13,17,-,-,-,-,-,-,-,-,-,-,-,-,-,-,-,-,-,-,-,-,-,-,-,-,-
A149,Sewells Rd. West of Glenheather Terrace,25,2021-06-08T00:00:00Z,44489,-,-,-,-,-,-,-,-,-,-,-,135,167,66,278,253,-,-,-,-,-,-,-,-,-,-,-,-,-,-,-,-,-,-,-,-,-,-,-,-,-
A150,Centennial Rd. South of Cherrydale Court,25,2021-05-28T00:00:00Z,44487,-,-,-,-,-,-,-,-,-,-,63,476,43,162,245,76,-,-,-,-,-,-,-,-,-,-,-,-,-,-,-,-,-,-,-,-,-,-,-,-,-
A020,Givins St. South of Argyle St.,10,2021-11-22T00:00:00Z,44662,-,-,-,-,-,-,-,-,-,-,-,-,-,-,-,-,52,83,14,14,62,28,-,-,-,-,-,-,-,-,-,-,-,-,-,-,-,-,-,-,-
A151,Kipling Ave. South of Snaresbrook Dr.,1,2021-11-03T00:00:00Z,44648,-,-,-,-,-,-,-,-,-,-,-,-,-,-,-,-,1685,884,721,463,476,-,-,-,-,-,-,-,-,-,-,-,-,-,-,-,-,-,-,-,-
A152,Silverstone Dr. North of Avening Dr.,1,2021-11-03T00:00:00Z,44648,-,-,-,-,-,-,-,-,-,-,-,-,-,-,-,-,447,344,77,67,237,-,-,-,-,-,-,-,-,-,-,-,-,-,-,-,-,-,-,-,-
A153,The Westway West of Brampton Rd.,2,2021-11-04T00:00:00Z,44648,-,-,-,-,-,-,-,-,-,-,-,-,-,-,-,-,624,693,147,279,377,-,-,-,-,-,-,-,-,-,-,-,-,-,-,-,-,-,-,-,-
A154,Montgomery Rd. Near Loyalist Rd.,2,2021-11-20T00:00:00Z,44648,-,-,-,-,-,-,-,-,-,-,-,-,-,-,-,-,90,211,112,110,263,-,-,-,-,-,-,-,-,-,-,-,-,-,-,-,-,-,-,-,-
A155,Birmingham St. West of Kipling Ave.,3,2021-11-29T00:00:00Z,44655,-,-,-,-,-,-,-,-,-,-,-,-,-,-,-,-,2,312,420,227,552,36,-,-,-,-,-,-,-,-,-,-,-,-,-,-,-,-,-,-,-
A156,Royal York Rd. North of Coney Rd.,3,2021-11-15T00:00:00Z,44655,-,-,-,-,-,-,-,-,-,-,-,-,-,-,-,-,1370,2724,1704,1624,1165,141,-,-,-,-,-,-,-,-,-,-,-,-,-,-,-,-,-,-,-
A157,Priscilla Ave. South of Dundas St. W.,4,2021-11-16T00:00:00Z,44655,-,-,-,-,-,-,-,-,-,-,-,-,-,-,-,-,491,284,63,203,285,-,-,-,-,-,-,-,-,-,-,-,-,-,-,-,-,-,-,-,-
A158,Jane St. South of Weatherell St.,4,2021-12-10T00:00:00Z,44655,-,-,-,-,-,-,-,-,-,-,-,-,-,-,-,-,-,515,616,737,305,-,-,-,-,-,-,-,-,-,-,-,-,-,-,-,-,-,-,-,-
A159,Lawrence Ave. W. East of Martini Dr.,5,2021-12-09T00:00:00Z,44648,-,-,-,-,-,-,-,-,-,-,-,-,-,-,-,-,-,1518,797,498,404,-,-,-,-,-,-,-,-,-,-,-,-,-,-,-,-,-,-,-,-
A160,King St. South of George St.,5,2021-12-09T00:00:00Z,44648,-,-,-,-,-,-,-,-,-,-,-,-,-,-,-,-,-,508,431,281,535,-,-,-,-,-,-,-,-,-,-,-,-,-,-,-,-,-,-,-,-
A161,Sheppard Ave. W. East of Buckland Rd.,6,2021-11-03T00:00:00Z,44676,-,-,-,-,-,-,-,-,-,-,-,-,-,-,-,-,1542,929,436,711,865,681,-,-,-,-,-,-,-,-,-,-,-,-,-,-,-,-,-,-,-
A162,Faywood Blvd. Near Norcross Rd.,6,2021-11-30T00:00:00Z,44676,-,-,-,-,-,-,-,-,-,-,-,-,-,-,-,-,0,107,145,173,438,410,-,-,-,-,-,-,-,-,-,-,-,-,-,-,-,-,-,-,-
A163,Jane St. North of Clair Rd.,7,2021-11-24T00:00:00Z,44648,-,-,-,-,-,-,-,-,-,-,-,-,-,-,-,-,188,1005,591,715,735,-,-,-,-,-,-,-,-,-,-,-,-,-,-,-,-,-,-,-,-
A164,Yorkwoods Gate East of Jane St.,7,2021-11-25T00:00:00Z,44648,-,-,-,-,-,-,-,-,-,-,-,-,-,-,-,-,72,237,259,126,98,-,-,-,-,-,-,-,-,-,-,-,-,-,-,-,-,-,-,-,-
A165,Glenmount Ave. Near Madoc Dr.,8,2021-11-26T00:00:00Z,44676,-,-,-,-,-,-,-,-,-,-,-,-,-,-,-,-,118,771,253,171,362,254,-,-,-,-,-,-,-,-,-,-,-,-,-,-,-,-,-,-,-
A166,Avenue Rd. South of Caribou Rd.,8,2021-12-06T00:00:00Z,44676,-,-,-,-,-,-,-,-,-,-,-,-,-,-,-,-,-,889,2188,2147,2829,2179,-,-,-,-,-,-,-,-,-,-,-,-,-,-,-,-,-,-,-
A167,Dufferin St. North of Norton Ave.,9,2021-12-06T00:00:00Z,44655,-,-,-,-,-,-,-,-,-,-,-,-,-,-,-,-,-,565,759,246,629,142,-,-,-,-,-,-,-,-,-,-,-,-,-,-,-,-,-,-,-
A168,Oakwood Ave. Near Biggar Ave.,9,2021-11-25T00:00:00Z,44655,-,-,-,-,-,-,-,-,-,-,-,-,-,-,-,-,101,454,420,338,340,52,-,-,-,-,-,-,-,-,-,-,-,-,-,-,-,-,-,-,-
A169,Queens Quay East of Bathurst St.,10,2021-11-16T00:00:00Z,44662,-,-,-,-,-,-,-,-,-,-,-,-,-,-,-,-,303,417,101,174,165,72,-,-,-,-,-,-,-,-,-,-,-,-,-,-,-,-,-,-,-
A170,Davenport Rd. Near Bishop St.,11,2021-12-09T00:00:00Z,44655,-,-,-,-,-,-,-,-,-,-,-,-,-,-,-,-,-,858,891,668,464,45,-,-,-,-,-,-,-,-,-,-,-,-,-,-,-,-,-,-,-
A171,Beverley St. Near D'Arcy St.,11,2021-12-29T00:00:00Z,44655,-,-,-,-,-,-,-,-,-,-,-,-,-,-,-,-,-,-,2772,4952,2263,572,-,-,-,-,-,-,-,-,-,-,-,-,-,-,-,-,-,-,-
A172,Bathurst St. Near Ardmore Rd.,12,2022-01-20T00:00:00Z,44676,-,-,-,-,-,-,-,-,-,-,-,-,-,-,-,-,-,-,36,2798,1820,1967,-,-,-,-,-,-,-,-,-,-,-,-,-,-,-,-,-,-,-
A173,Arlington Ave. South of Durham Ave.,12,2021-12-03T00:00:00Z,44697,-,-,-,-,-,-,-,-,-,-,-,-,-,-,-,-,-,264,194,214,377,203,70,-,-,-,-,-,-,-,-,-,-,-,-,-,-,-,-,-,-
A174,Queen St. E. Near Sackville St.,13,2021-12-17T00:00:00Z,44662,-,-,-,-,-,-,-,-,-,-,-,-,-,-,-,-,-,298,529,517,648,362,-,-,-,-,-,-,-,-,-,-,-,-,-,-,-,-,-,-,-
A175,Isabella St. West of Sherbourne St.,13,2021-12-01T00:00:00Z,44662,-,-,-,-,-,-,-,-,-,-,-,-,-,-,-,-,-,1727,675,712,1324,466,-,-,-,-,-,-,-,-,-,-,-,-,-,-,-,-,-,-,-
A176,Donlands Ave. Near Memorial Park Ave.,14,2021-12-16T00:00:00Z,44690,-,-,-,-,-,-,-,-,-,-,-,-,-,-,-,-,-,213,137,276,404,159,14,-,-,-,-,-,-,-,-,-,-,-,-,-,-,-,-,-,-
A177,Westwood Ave. West of Carlaw Ave.,14,2021-11-23T00:00:00Z,44690,-,-,-,-,-,-,-,-,-,-,-,-,-,-,-,-,161,505,184,139,349,164,11,-,-,-,-,-,-,-,-,-,-,-,-,-,-,-,-,-,-
A178,Lawrence Ave. E. East of Mildenhall Rd.,15,2021-12-01T00:00:00Z,44690,-,-,-,-,-,-,-,-,-,-,-,-,-,-,-,-,-,619,327,418,296,263,30,-,-,-,-,-,-,-,-,-,-,-,-,-,-,-,-,-,-
A179,Banbury Rd. Near Portsmith Rd.,15,2021-11-12T00:00:00Z,44690,-,-,-,-,-,-,-,-,-,-,-,-,-,-,-,-,825,845,338,188,92,63,14,-,-,-,-,-,-,-,-,-,-,-,-,-,-,-,-,-,-
A180,Scarsdale Rd. South of York Mills Rd.,16,2021-10-29T00:00:00Z,44690,-,-,-,-,-,-,-,-,-,-,-,-,-,-,-,-,655,896,135,347,536,599,49,-,-,-,-,-,-,-,-,-,-,-,-,-,-,-,-,-,-
A181,Wallingford Rd. North of Cassandra Blvd.,16,2021-12-01T00:00:00Z,44690,-,-,-,-,-,-,-,-,-,-,-,-,-,-,-,-,-,657,217,140,296,274,4,-,-,-,-,-,-,-,-,-,-,-,-,-,-,-,-,-,-
A182,Victoria Park Ave. North of Old Sheppard Ave.,17,2021-12-10T00:00:00Z,44697,-,-,-,-,-,-,-,-,-,-,-,-,-,-,-,-,-,117,88,58,207,361,34,-,-,-,-,-,-,-,-,-,-,-,-,-,-,-,-,-,-
A183,Brian Dr. North of Clydesdale Dr.,17,2021-10-27T00:00:00Z,44698,-,-,-,-,-,-,-,-,-,-,-,-,-,-,-,55,265,177,83,17,98,309,40,-,-,-,-,-,-,-,-,-,-,-,-,-,-,-,-,-,-
A184,Senlac Rd. South of Horsham Ave.,18,2021-10-29T00:00:00Z,44697,-,-,-,-,-,-,-,-,-,-,-,-,-,-,-,37,1154,1007,515,427,571,612,303,-,-,-,-,-,-,-,-,-,-,-,-,-,-,-,-,-,-
A185,Cactus Ave. North of Moore Park Ave.,18,2021-10-27T00:00:00Z,44697,-,-,-,-,-,-,-,-,-,-,-,-,-,-,-,3,161,138,30,48,167,143,42,-,-,-,-,-,-,-,-,-,-,-,-,-,-,-,-,-,-
A186,O'Connor Dr. Near Wakunda Place,19,2021-12-10T00:00:00Z,44690,-,-,-,-,-,-,-,-,-,-,-,-,-,-,-,-,-,112,437,742,619,356,79,-,-,-,-,-,-,-,-,-,-,-,-,-,-,-,-,-,-
A187,Cosburn Ave. West of Binswood Ave.,19,2021-12-10T00:00:00Z,44690,-,-,-,-,-,-,-,-,-,-,-,-,-,-,-,-,-,110,89,201,233,238,60,-,-,-,-,-,-,-,-,-,-,-,-,-,-,-,-,-,-
A188,Kingston Rd. East of Chine Dr.,20,2021-12-15T00:00:00Z,44589,-,-,-,-,-,-,-,-,-,-,-,-,-,-,-,-,-,50,18,0,-,-,-,-,-,-,-,-,-,-,-,-,-,-,-,-,-,-,-,-,-
A189,Cathedral Bluffs Dr. South of Kingston Rd.,20,2021-12-10T00:00:00Z,44706,-,-,-,-,-,-,-,-,-,-,-,-,-,-,-,-,-,399,734,500,774,569,285,-,-,-,-,-,-,-,-,-,-,-,-,-,-,-,-,-,-
A190,Birchmount Rd. South of Ellendale Dr.,21,2021-12-06T00:00:00Z,44705,-,-,-,-,-,-,-,-,-,-,-,-,-,-,-,-,-,1419,1155,506,618,1400,708,-,-,-,-,-,-,-,-,-,-,-,-,-,-,-,-,-,-
A191,Dewey Dr. East of Pharmacy Ave.,21,2021-12-08T00:00:00Z,44705,-,-,-,-,-,-,-,-,-,-,-,-,-,-,-,-,-,170,44,87,117,153,91,-,-,-,-,-,-,-,-,-,-,-,-,-,-,-,-,-,-
A192,Warden Ave. South of Glen Springs Dr.,22,2021-12-10T00:00:00Z,44683,-,-,-,-,-,-,-,-,-,-,-,-,-,-,-,-,-,436,461,316,974,1039,56,-,-,-,-,-,-,-,-,-,-,-,-,-,-,-,-,-,-
A193,Lockie Ave. East of Donalda Cres.,22,2021-12-16T00:00:00Z,44705,-,-,-,-,-,-,-,-,-,-,-,-,-,-,-,-,-,17,2,2,14,27,6,-,-,-,-,-,-,-,-,-,-,-,-,-,-,-,-,-,-
A194,Finch Ave. E. West of Neilson Rd.,23,2021-12-10T00:00:00Z,44705,-,-,-,-,-,-,-,-,-,-,-,-,-,-,-,-,-,591,390,586,555,529,171,-,-,-,-,-,-,-,-,-,-,-,-,-,-,-,-,-,-
A195,Nugget Ave. East of Transfer Place,23,2021-12-14T00:00:00Z,44705,-,-,-,-,-,-,-,-,-,-,-,-,-,-,-,-,-,174,233,360,860,456,139,-,-,-,-,-,-,-,-,-,-,-,-,-,-,-,-,-,-
A196,Bellamy Rd. N. South of Northleigh Dr.,24,2021-11-22T00:00:00Z,44683,-,-,-,-,-,-,-,-,-,-,-,-,-,-,-,-,209,639,244,421,609,372,-,-,-,-,-,-,-,-,-,-,-,-,-,-,-,-,-,-,-
A197,Brimorton Dr. Near Amberjack Blvd.,24,2021-11-22T00:00:00Z,44683,-,-,-,-,-,-,-,-,-,-,-,-,-,-,-,-,213,688,228,412,473,476,-,-,-,-,-,-,-,-,-,-,-,-,-,-,-,-,-,-,-
A198,Manse Rd. Near 292 Manse Rd.,25,2021-11-05T00:00:00Z,44683,-,-,-,-,-,-,-,-,-,-,-,-,-,-,-,-,596,494,193,251,196,194,29,-,-,-,-,-,-,-,-,-,-,-,-,-,-,-,-,-,-
A199,Wickson Trail West of Brenyon Way,25,2021-11-22T00:00:00Z,44683,-,-,-,-,-,-,-,-,-,-,-,-,-,-,-,-,56,118,48,59,131,134,-,-,-,-,-,-,-,-,-,-,-,-,-,-,-,-,-,-,-
A200,Kingston Rd. Near 2685 Kingston Rd.,25,2022-02-25T00:00:00Z,44705,-,-,-,-,-,-,-,-,-,-,-,-,-,-,-,-,-,-,-,-,144,181,26,-,-,-,-,-,-,-,-,-,-,-,-,-,-,-,-,-,-
A069,Denison Ave. South of Grange Ave.,10,2022-04-21T00:00:00Z,44865,-,-,-,-,-,-,-,-,-,-,-,-,-,-,-,-,-,-,-,-,-,168,506,682,416,260,905,476,-,-,-,-,-,-,-,-,-,-,-,-,-
A070,Brant St. South of Adelaide St. W.,10,2022-04-21T00:00:00Z,44865,-,-,-,-,-,-,-,-,-,-,-,-,-,-,-,-,-,-,-,-,-,33,140,263,58,701,351,355,-,-,-,-,-,-,-,-,-,-,-,-,-
A201,Martin Grove Rd. North of Rampart Rd.,1,2022-04-07T00:00:00Z,44845,-,-,-,-,-,-,-,-,-,-,-,-,-,-,-,-,-,-,-,-,-,1244,597,664,331,936,675,85,-,-,-,-,-,-,-,-,-,-,-,-,-
A202,Redgrave Dr. West of Martin Grove Rd.,1,2022-04-07T00:00:00Z,44845,-,-,-,-,-,-,-,-,-,-,-,-,-,-,-,-,-,-,-,-,-,1,849,431,64,443,145,32,-,-,-,-,-,-,-,-,-,-,-,-,-
A203,Royal York Rd. North of La Rose Ave.,2,2022-04-19T00:00:00Z,44858,-,-,-,-,-,-,-,-,-,-,-,-,-,-,-,-,-,-,-,-,-,-,1374,396,1146,179,908,321,-,-,-,-,-,-,-,-,-,-,-,-,-
A204,Mill Rd. North of Burnhamthorpe Rd.,2,2022-04-07T00:00:00Z,44858,-,-,-,-,-,-,-,-,-,-,-,-,-,-,-,-,-,-,-,-,-,5545,1325,604,427,877,988,504,-,-,-,-,-,-,-,-,-,-,-,-,-
A205,The East Mall South of Faludon Court,3,2022-04-19T00:00:00Z,44845,-,-,-,-,-,-,-,-,-,-,-,-,-,-,-,-,-,-,-,-,-,1833,2015,466,1001,1426,1232,229,-,-,-,-,-,-,-,-,-,-,-,-,-
A206,Ourland Ave. Near Merriday St.,3,2022-04-14T00:00:00Z,44845,-,-,-,-,-,-,-,-,-,-,-,-,-,-,-,-,-,-,-,-,-,213,283,308,155,282,162,75,-,-,-,-,-,-,-,-,-,-,-,-,-
A007,Jameson Ave. South of Laxton Ave.,4,2023-07-21T00:00:00Z,Present,-,-,-,-,-,-,-,-,-,-,-,-,-,-,-,-,-,-,-,-,-,-,-,-,-,-,-,-,-,-,-,-,-,-,-,-,164,572,486,940,664
A208,Runnymede Rd. North of Colbeck St.,4,2022-04-14T00:00:00Z,44858,-,-,-,-,-,-,-,-,-,-,-,-,-,-,-,-,-,-,-,-,-,227,272,198,151,67,49,170,-,-,-,-,-,-,-,-,-,-,-,-,-
A209,Scarlett Rd. South of Ellins Ave.,5,2022-04-07T00:00:00Z,44858,-,-,-,-,-,-,-,-,-,-,-,-,-,-,-,-,-,-,-,-,-,604,493,317,173,387,118,433,-,-,-,-,-,-,-,-,-,-,-,-,-
A210,Gary Dr. Near Deerhurst Ave.,5,2022-04-07T00:00:00Z,44858,-,-,-,-,-,-,-,-,-,-,-,-,-,-,-,-,-,-,-,-,-,122,153,271,126,199,138,137,-,-,-,-,-,-,-,-,-,-,-,-,-
A211,Dufferin St. North of Stanstead Dr.,6,2022-05-24T00:00:00Z,44872,-,-,-,-,-,-,-,-,-,-,-,-,-,-,-,-,-,-,-,-,-,-,29,771,448,451,333,558,235,-,-,-,-,-,-,-,-,-,-,-,-
A212,Stilecroft Dr. West of Sharpecroft Blvd.,6,2022-05-04T00:00:00Z,44872,-,-,-,-,-,-,-,-,-,-,-,-,-,-,-,-,-,-,-,-,-,-,41,325,297,358,159,261,60,-,-,-,-,-,-,-,-,-,-,-,-
A213,Weston Rd. Near Coronado Court,7,2022-04-25T00:00:00Z,44845,-,-,-,-,-,-,-,-,-,-,-,-,-,-,-,-,-,-,-,-,-,137,407,296,386,555,241,168,-,-,-,-,-,-,-,-,-,-,-,-,-
A214,Spenvalley Dr. Near Whitbread Cres.,7,2022-04-19T00:00:00Z,44845,-,-,-,-,-,-,-,-,-,-,-,-,-,-,-,-,-,-,-,-,-,142,302,354,130,191,189,100,-,-,-,-,-,-,-,-,-,-,-,-,-
A215,Dufferin St. South of Claver Ave.,8,2022-05-04T00:00:00Z,44930,-,-,-,-,-,-,-,-,-,-,-,-,-,-,-,-,-,-,-,-,-,-,642,432,155,757,505,494,578,522,58,-,-,-,-,-,-,-,-,-,-
A216,Orfus Rd. West of Dufferin St.,8,2022-05-04T00:00:00Z,44872,-,-,-,-,-,-,-,-,-,-,-,-,-,-,-,-,-,-,-,-,-,-,592,511,248,544,534,486,16,-,-,-,-,-,-,-,-,-,-,-,-
A217,Rogers Rd. Near 382 Rogers Rd.,9,2022-04-14T00:00:00Z,44858,-,-,-,-,-,-,-,-,-,-,-,-,-,-,-,-,-,-,-,-,-,784,174,111,400,678,124,150,-,-,-,-,-,-,-,-,-,-,-,-,-
A218,Dufferin St. South of Dufferin Park Ave.,9,2022-04-14T00:00:00Z,44858,-,-,-,-,-,-,-,-,-,-,-,-,-,-,-,-,-,-,-,-,-,2087,240,137,659,651,684,451,-,-,-,-,-,-,-,-,-,-,-,-,-
A219,Spadina Ave. South of Bloor St. W.,11,2022-05-06T00:00:00Z,44760,-,-,-,-,-,-,-,-,-,-,-,-,-,-,-,-,-,-,-,-,-,-,194,494,427,0,-,-,-,-,-,-,-,-,-,-,-,-,-,-,-
A220,Manning Ave. South of Lennox St.,11,2022-04-14T00:00:00Z,44865,-,-,-,-,-,-,-,-,-,-,-,-,-,-,-,-,-,-,-,-,-,280,308,644,329,349,629,14,-,-,-,-,-,-,-,-,-,-,-,-,-
A221,St. Clair Ave. W. Near Crang Ave.,12,2022-05-04T00:00:00Z,44872,-,-,-,-,-,-,-,-,-,-,-,-,-,-,-,-,-,-,-,-,-,-,13,8,21,14,15,22,5,-,-,-,-,-,-,-,-,-,-,-,-
A222,Warren Rd. North of Lonsdale Rd.,12,2022-05-25T00:00:00Z,44872,-,-,-,-,-,-,-,-,-,-,-,-,-,-,-,-,-,-,-,-,-,-,492,786,393,719,382,438,137,-,-,-,-,-,-,-,-,-,-,-,-
A223,Carlton St. Near Homewood Ave.,13,2022-05-06T00:00:00Z,44865,-,-,-,-,-,-,-,-,-,-,-,-,-,-,-,-,-,-,-,-,-,-,305,177,267,260,197,231,-,-,-,-,-,-,-,-,-,-,-,-,-
A224,Shuter St. East of Sackville St.,13,2022-04-21T00:00:00Z,44865,-,-,-,-,-,-,-,-,-,-,-,-,-,-,-,-,-,-,-,-,-,493,1391,1480,1841,698,570,826,-,-,-,-,-,-,-,-,-,-,-,-,-
A225,O'Connor Dr. West of Lankin Blvd.,14,2022-05-19T00:00:00Z,44886,-,-,-,-,-,-,-,-,-,-,-,-,-,-,-,-,-,-,-,-,-,-,325,1978,901,2112,1929,270,127,-,-,-,-,-,-,-,-,-,-,-,-
A226,Cosburn Ave. Near Roosevelt Rd.,14,2022-06-02T00:00:00Z,44886,-,-,-,-,-,-,-,-,-,-,-,-,-,-,-,-,-,-,-,-,-,-,-,150,36,412,336,186,47,-,-,-,-,-,-,-,-,-,-,-,-
A227,York Mills Rd. West of Banbury Rd.,15,2022-05-19T00:00:00Z,44886,-,-,-,-,-,-,-,-,-,-,-,-,-,-,-,-,-,-,-,-,-,-,453,600,277,1031,752,967,301,-,-,-,-,-,-,-,-,-,-,-,-
A228,Park Lane Circle Near 60 Park Lane Circle,15,2022-05-19T00:00:00Z,44886,-,-,-,-,-,-,-,-,-,-,-,-,-,-,-,-,-,-,-,-,-,-,113,253,85,313,197,359,200,-,-,-,-,-,-,-,-,-,-,-,-
A229,The Donway E. North of Greenland Rd.,16,2022-05-19T00:00:00Z,44886,-,-,-,-,-,-,-,-,-,-,-,-,-,-,-,-,-,-,-,-,-,-,116,1716,697,600,844,340,517,-,-,-,-,-,-,-,-,-,-,-,-
A230,The Donway W. Near Duncairn Rd.,16,2022-06-02T00:00:00Z,44886,-,-,-,-,-,-,-,-,-,-,-,-,-,-,-,-,-,-,-,-,-,-,-,660,286,559,575,144,271,-,-,-,-,-,-,-,-,-,-,-,-
A231,McNicoll Ave. Near Sexton Cres.,17,2022-05-25T00:00:00Z,44930,-,-,-,-,-,-,-,-,-,-,-,-,-,-,-,-,-,-,-,-,-,-,80,515,230,504,216,29,366,361,-,-,-,-,-,-,-,-,-,-,-
A232,Don Mills Rd. South of Freshmeadow Dr.,17,2022-05-25T00:00:00Z,44886,-,-,-,-,-,-,-,-,-,-,-,-,-,-,-,-,-,-,-,-,-,-,95,1393,671,587,1081,689,237,-,-,-,-,-,-,-,-,-,-,-,-
A233,Finch Ave. E. Near Manorcrest Dr.,18,2022-05-25T00:00:00Z,44872,-,-,-,-,-,-,-,-,-,-,-,-,-,-,-,-,-,-,-,-,-,-,-,572,138,312,506,489,106,-,-,-,-,-,-,-,-,-,-,-,-
A234,Churchill Ave. West of Abbotsford Rd.,18,2022-05-25T00:00:00Z,44872,-,-,-,-,-,-,-,-,-,-,-,-,-,-,-,-,-,-,-,-,-,-,-,134,97,198,73,104,39,-,-,-,-,-,-,-,-,-,-,-,-
A235,St. Clair Ave. E. West of Marilyn Cres.,19,2022-06-07T00:00:00Z,44892,-,-,-,-,-,-,-,-,-,-,-,-,-,-,-,-,-,-,-,-,-,-,-,73,279,379,141,181,197,-,-,-,-,-,-,-,-,-,-,-,-
A236,Kingston Rd. Near Glen Manor Dr.,19,2022-06-07T00:00:00Z,44893,-,-,-,-,-,-,-,-,-,-,-,-,-,-,-,-,-,-,-,-,-,-,-,76,170,116,455,853,493,-,-,-,-,-,-,-,-,-,-,-,-
A237,Danforth Ave. East of Birchmount Rd.,20,2022-06-02T00:00:00Z,44893,-,-,-,-,-,-,-,-,-,-,-,-,-,-,-,-,-,-,-,-,-,-,-,138,105,31,147,141,142,-,-,-,-,-,-,-,-,-,-,-,-
A238,Corvette Ave. Near Cleta Dr.,20,2022-06-02T00:00:00Z,44831,-,-,-,-,-,-,-,-,-,-,-,-,-,-,-,-,-,-,-,-,-,-,-,119,23,51,39,54,62,-,-,-,-,-,-,-,-,-,-,-,-
A239,Pharmacy Ave. North of Sherwood Ave.,21,2022-06-02T00:00:00Z,44893,-,-,-,-,-,-,-,-,-,-,-,-,-,-,-,-,-,-,-,-,-,-,-,36,33,516,389,596,409,-,-,-,-,-,-,-,-,-,-,-,-
A240,Antrim Cres. Near 11 Antrim Cres.,21,2022-06-02T00:00:00Z,44893,-,-,-,-,-,-,-,-,-,-,-,-,-,-,-,-,-,-,-,-,-,-,-,102,102,170,98,222,192,-,-,-,-,-,-,-,-,-,-,-,-
A241,Pharmacy Ave. Near 2300 Pharmacy Ave.,22,2022-05-25T00:00:00Z,44900,-,-,-,-,-,-,-,-,-,-,-,-,-,-,-,-,-,-,-,-,-,-,12,292,600,478,571,754,834,23,-,-,-,-,-,-,-,-,-,-,-
A242,Dunmurray Blvd. Near Groomsport Cres.,22,2022-06-17T00:00:00Z,44900,-,-,-,-,-,-,-,-,-,-,-,-,-,-,-,-,-,-,-,-,-,-,-,1,10,19,11,7,18,3,-,-,-,-,-,-,-,-,-,-,-
A243,Sandhurst Circle Near 1571 Sandhurst Circle,23,2022-06-17T00:00:00Z,44900,-,-,-,-,-,-,-,-,-,-,-,-,-,-,-,-,-,-,-,-,-,-,-,166,345,349,276,222,336,49,-,-,-,-,-,-,-,-,-,-,-
A244,Seasons Dr. East of Oasis Blvd.,23,2022-06-02T00:00:00Z,44900,-,-,-,-,-,-,-,-,-,-,-,-,-,-,-,-,-,-,-,-,-,-,-,180,215,450,314,183,213,22,-,-,-,-,-,-,-,-,-,-,-
A245,Morningside Ave. Near Warnsworth St.,24,2022-05-11T00:00:00Z,44893,-,-,-,-,-,-,-,-,-,-,-,-,-,-,-,-,-,-,-,-,-,-,326,279,516,452,448,677,585,-,-,-,-,-,-,-,-,-,-,-,-
A246,Galloway Rd. Near Coronation Dr.,24,2022-06-01T00:00:00Z,44893,-,-,-,-,-,-,-,-,-,-,-,-,-,-,-,-,-,-,-,-,-,-,-,968,555,783,121,539,422,-,-,-,-,-,-,-,-,-,-,-,-
A247,Brenyon Way Near 200 Brenyon Way,25,2022-05-11T00:00:00Z,44900,-,-,-,-,-,-,-,-,-,-,-,-,-,-,-,-,-,-,-,-,-,-,197,176,272,182,266,378,235,36,-,-,-,-,-,-,-,-,-,-,-
A248,Old Finch Ave. West of Littles Rd.,25,2022-05-11T00:00:00Z,44900,-,-,-,-,-,-,-,-,-,-,-,-,-,-,-,-,-,-,-,-,-,-,92,320,196,282,233,334,300,32,-,-,-,-,-,-,-,-,-,-,-
A249,Spadina Ave. Northbound Near Glen Morris St.,11,2022-09-06T00:00:00Z,44865,-,-,-,-,-,-,-,-,-,-,-,-,-,-,-,-,-,-,-,-,-,-,-,-,-,-,633,1047,-,-,-,-,-,-,-,-,-,-,-,-,-
A016,Ridge Hill Dr. Westbound West of Old Park Rd.,8,2023-07-14T00:00:00Z,Present,-,-,-,-,-,-,-,-,-,-,-,-,-,-,-,-,-,-,-,-,-,-,-,-,-,-,-,-,-,-,-,-,-,-,-,-,537,504,359,134,305
A017,Caledonia Rd. Southbound North of Rogers Rd.,9,2023-08-10T00:00:00Z,Present,-,-,-,-,-,-,-,-,-,-,-,-,-,-,-,-,-,-,-,-,-,-,-,-,-,-,-,-,-,-,-,-,-,-,-,-,-,640,519,310,349
A018,Gladstone Ave. Southbound South of Cross St.,9,2023-02-21T00:00:00Z,Present,-,-,-,-,-,-,-,-,-,-,-,-,-,-,-,-,-,-,-,-,-,-,-,-,-,-,-,-,-,-,-,62,587,496,424,228,835,821,576,484,598
A037,Main St. Northbound South of Swanwick Ave.,19,2023-02-17T00:00:00Z,Present,-,-,-,-,-,-,-,-,-,-,-,-,-,-,-,-,-,-,-,-,-,-,-,-,-,-,-,-,-,-,-,12,65,38,60,54,95,71,66,67,218
A055,Mimico Ave. Westbound West of Station Rd.,3,2023-02-09T00:00:00Z,Present,-,-,-,-,-,-,-,-,-,-,-,-,-,-,-,-,-,-,-,-,-,-,-,-,-,-,-,-,-,-,-,201,361,343,544,369,672,501,386,83,217
A250,Kipling Ave. Northbound North of Rowntree Rd.,1,2022-10-19T00:00:00Z,45111,-,-,-,-,-,-,-,-,-,-,-,-,-,-,-,-,-,-,-,-,-,-,-,-,-,-,-,-,406,501,820,284,493,256,363,346,66,-,-,-,-
A251,Humberwood Blvd. South of Pinecone Dr.,1,2022-10-19T00:00:00Z,45111,-,-,-,-,-,-,-,-,-,-,-,-,-,-,-,-,-,-,-,-,-,-,-,-,-,-,-,91,361,377,665,399,605,300,451,472,87,-,-,-,-
A252,Bloor St. W. Westbound Near 4034 Bloor St. W.,2,2022-11-02T00:00:00Z,45118,-,-,-,-,-,-,-,-,-,-,-,-,-,-,-,-,-,-,-,-,-,-,-,-,-,-,-,-,328,171,653,722,1271,700,568,980,464,-,-,-,-
A253,Allanhurst Dr. Westbound Near Mulham Place,2,2022-11-02T00:00:00Z,45118,-,-,-,-,-,-,-,-,-,-,-,-,-,-,-,-,-,-,-,-,-,-,-,-,-,-,-,-,214,175,156,88,113,149,148,97,13,-,-,-,-
A254,Burnhamthorpe Rd. West of Dundas St. W.,3,2022-10-27T00:00:00Z,45118,-,-,-,-,-,-,-,-,-,-,-,-,-,-,-,-,-,-,-,-,-,-,-,-,-,-,-,16,424,358,284,155,176,141,209,152,58,-,-,-,-
A255,Norseman St. Near Lothian Ave.,3,2022-10-27T00:00:00Z,45118,-,-,-,-,-,-,-,-,-,-,-,-,-,-,-,-,-,-,-,-,-,-,-,-,-,-,-,17,495,477,616,327,417,43,260,288,102,-,-,-,-
A256,Dundas St. W. Eastbound East of Watkinson Ave.,4,2022-11-09T00:00:00Z,45119,-,-,-,-,-,-,-,-,-,-,-,-,-,-,-,-,-,-,-,-,-,-,-,-,-,-,-,-,22,89,282,49,129,55,170,166,101,-,-,-,-
A258,Keele St. Southbound Near Nashville Ave.,5,2022-11-02T00:00:00Z,45112,-,-,-,-,-,-,-,-,-,-,-,-,-,-,-,-,-,-,-,-,-,-,-,-,-,-,-,-,157,267,329,93,43,106,123,244,73,-,-,-,-
A259,Emmett Ave. Eastbound Near 75 Emmett Ave.,5,2022-11-02T00:00:00Z,45112,-,-,-,-,-,-,-,-,-,-,-,-,-,-,-,-,-,-,-,-,-,-,-,-,-,-,-,-,360,317,164,88,145,86,111,151,22,-,-,-,-
A260,Keele St. Northbound North of Wandle Ave.,6,2022-11-16T00:00:00Z,45111,-,-,-,-,-,-,-,-,-,-,-,-,-,-,-,-,-,-,-,-,-,-,-,-,-,-,-,-,37,1015,1139,725,1268,258,666,858,123,-,-,-,-
A261,Giltspur Dr. Westbound Near 120 Giltspur Dr.,6,2022-11-16T00:00:00Z,45113,-,-,-,-,-,-,-,-,-,-,-,-,-,-,-,-,-,-,-,-,-,-,-,-,-,-,-,-,268,286,216,147,132,177,177,174,30,-,-,-,-
A262,Weston Rd. South of Burgundy Court.,7,2022-10-19T00:00:00Z,45111,-,-,-,-,-,-,-,-,-,-,-,-,-,-,-,-,-,-,-,-,-,-,-,-,-,-,-,754,1250,1144,1033,684,628,534,476,681,139,-,-,-,-
A263,Duncanwoods Dr. West of Gracedale Blvd.,7,2022-10-19T00:00:00Z,45111,-,-,-,-,-,-,-,-,-,-,-,-,-,-,-,-,-,-,-,-,-,-,-,-,-,-,-,157,400,128,158,117,183,117,148,181,14,-,-,-,-
A264,Neptune Dr. Eastbound West of Bathurst St.,8,2023-01-12T00:00:00Z,45112,-,-,-,-,-,-,-,-,-,-,-,-,-,-,-,-,-,-,-,-,-,-,-,-,-,-,-,-,-,-,142,142,126,75,56,111,15,-,-,-,-
A265,Glengrove Ave. W. Westbound West of Glen Castle St.,8,2022-11-16T00:00:00Z,45112,-,-,-,-,-,-,-,-,-,-,-,-,-,-,-,-,-,-,-,-,-,-,-,-,-,-,-,-,179,324,171,116,153,180,308,253,56,-,-,-,-
A266,Ossington Ave. Northbound North of Churchill Ave.,9,2022-11-10T00:00:00Z,45139,-,-,-,-,-,-,-,-,-,-,-,-,-,-,-,-,-,-,-,-,-,-,-,-,-,-,-,-,347,238,397,321,282,332,482,409,425,9,-,-,-
A267,College St. Westbound Near Sheridan Ave.,9,2022-11-08T00:00:00Z,45139,-,-,-,-,-,-,-,-,-,-,-,-,-,-,-,-,-,-,-,-,-,-,-,-,-,-,-,-,179,212,194,121,132,53,149,117,239,-,-,-,-
A119,Dundas St. W. Westbound Near Carlyle St.,10,2022-11-09T00:00:00Z,45139,-,-,-,-,-,-,-,-,-,-,-,-,-,-,-,-,-,-,-,-,-,-,-,-,-,-,-,-,205,245,162,146,171,109,93,130,279,8,-,-,-
A169,Queens Quay W. Eastbound East of Bathurst St.,10,2022-11-10T00:00:00Z,45139,-,-,-,-,-,-,-,-,-,-,-,-,-,-,-,-,-,-,-,-,-,-,-,-,-,-,-,-,103,134,109,30,37,63,63,63,136,2,-,-,-
A268,Bloor St. E. Westbound East of Castle Frank Rd.,11,2022-11-09T00:00:00Z,45140,-,-,-,-,-,-,-,-,-,-,-,-,-,-,-,-,-,-,-,-,-,-,-,-,-,-,-,-,122,198,209,242,246,190,298,147,189,8,-,-,-
A269,Howland Ave. Southbound South of Wells St.,11,2022-11-23T00:00:00Z,45140,-,-,-,-,-,-,-,-,-,-,-,-,-,-,-,-,-,-,-,-,-,-,-,-,-,-,-,-,51,289,123,90,176,47,94,250,225,8,-,-,-
A270,Yonge St. Northbound Near Glen Elm Ave.,12,2022-11-18T00:00:00Z,45119,-,-,-,-,-,-,-,-,-,-,-,-,-,-,-,-,-,-,-,-,-,-,-,-,-,-,-,-,725,1425,807,552,988,730,1003,1137,695,-,-,-,-
A271,Russell Hill Rd. Northbound North of Coulson Ave.,12,2022-11-16T00:00:00Z,45119,-,-,-,-,-,-,-,-,-,-,-,-,-,-,-,-,-,-,-,-,-,-,-,-,-,-,-,-,730,896,523,424,566,371,702,1390,414,-,-,-,-
A272,Alexander St. Eastbound East of Yonge St.,13,2022-11-09T00:00:00Z,45139,-,-,-,-,-,-,-,-,-,-,-,-,-,-,-,-,-,-,-,-,-,-,-,-,-,-,-,-,6,11,6,4,8,5,0,7,7,-,-,-,-
A273,Sherbourne St. Southbound South of Wellesley St. E.,13,2022-11-09T00:00:00Z,45139,-,-,-,-,-,-,-,-,-,-,-,-,-,-,-,-,-,-,-,-,-,-,-,-,-,-,-,-,411,582,411,228,372,300,429,378,582,11,-,-,-
A274,Dundas St. E. Eastbound West of Boulton Ave.,14,2022-12-07T00:00:00Z,45146,-,-,-,-,-,-,-,-,-,-,-,-,-,-,-,-,-,-,-,-,-,-,-,-,-,-,-,-,-,137,86,121,177,110,106,152,191,47,-,-,-
A275,Carlaw Ave. Southbound South of Queen St. E.,14,2022-12-02T00:00:00Z,45146,-,-,-,-,-,-,-,-,-,-,-,-,-,-,-,-,-,-,-,-,-,-,-,-,-,-,-,-,-,109,183,114,104,103,100,93,0,43,-,-,-
A276,Overlea Blvd. Eastbound East of William Morgan Dr.,15,2022-12-02T00:00:00Z,45125,-,-,-,-,-,-,-,-,-,-,-,-,-,-,-,-,-,-,-,-,-,-,-,-,-,-,-,-,-,767,545,569,586,375,407,422,685,-,-,-,-
A277,Fenn Ave. Northbound North of Gordon Rd.,15,2022-12-02T00:00:00Z,45125,-,-,-,-,-,-,-,-,-,-,-,-,-,-,-,-,-,-,-,-,-,-,-,-,-,-,-,-,-,858,280,243,334,234,223,157,188,-,-,-,-
A278,Don Mills Rd. Southbound North of Overlea Blvd.,16,2022-12-02T00:00:00Z,45125,-,-,-,-,-,-,-,-,-,-,-,-,-,-,-,-,-,-,-,-,-,-,-,-,-,-,-,-,-,807,864,760,789,576,1374,468,583,-,-,-,-
A279,Fenelon Dr. Northbound Near Karen Rd.,16,2022-12-02T00:00:00Z,45147,-,-,-,-,-,-,-,-,-,-,-,-,-,-,-,-,-,-,-,-,-,-,-,-,-,-,-,-,-,274,273,174,147,150,153,115,138,31,-,-,-
A280,Old Sheppard Ave. Eastbound East of Ladner Dr.,17,2022-12-02T00:00:00Z,45147,-,-,-,-,-,-,-,-,-,-,-,-,-,-,-,-,-,-,-,-,-,-,-,-,-,-,-,-,-,431,215,257,286,175,234,230,305,62,-,-,-
A281,Van Horne Ave. Eastbound Near Silas Hill Dr.,17,2023-01-12T00:00:00Z,45147,-,-,-,-,-,-,-,-,-,-,-,-,-,-,-,-,-,-,-,-,-,-,-,-,-,-,-,-,-,-,208,376,214,151,228,208,258,40,-,-,-
A069,Denison Ave. Southbound South of Grange Ave.,10,2023-02-17T00:00:00Z,Present,-,-,-,-,-,-,-,-,-,-,-,-,-,-,-,-,-,-,-,-,-,-,-,-,-,-,-,-,-,-,-,8,402,427,394,218,1020,787,597,754,656
A283,Hilda Ave. Northbound North of Drewry Ave.,18,2022-11-16T00:00:00Z,45125,-,-,-,-,-,-,-,-,-,-,-,-,-,-,-,-,-,-,-,-,-,-,-,-,-,-,-,-,528,1229,695,731,1103,660,952,703,386,-,-,-,-
A284,Gerrard St. E. Eastbound East of Beaton Ave.,19,2022-12-09T00:00:00Z,45146,-,-,-,-,-,-,-,-,-,-,-,-,-,-,-,-,-,-,-,-,-,-,-,-,-,-,-,-,-,246,297,265,411,206,406,349,360,118,-,-,-
A285,Wolverleigh Blvd. Westbound West of Glebemount Ave.,19,2022-12-09T00:00:00Z,45146,-,-,-,-,-,-,-,-,-,-,-,-,-,-,-,-,-,-,-,-,-,-,-,-,-,-,-,-,-,59,45,28,38,47,31,24,24,11,-,-,-
A286,Midland Ave. Northbound South of Aylesworth Ave.,20,2022-12-09T00:00:00Z,45132,-,-,-,-,-,-,-,-,-,-,-,-,-,-,-,-,-,-,-,-,-,-,-,-,-,-,-,-,-,487,493,432,280,399,694,534,558,-,-,-,-
A287,Blantyre Ave. Northbound South of Swanwick Ave.,20,2022-12-07T00:00:00Z,45132,-,-,-,-,-,-,-,-,-,-,-,-,-,-,-,-,-,-,-,-,-,-,-,-,-,-,-,-,-,54,48,54,49,43,45,44,61,-,-,-,-
A288,Midland Ave. Southbound North of Tara Ave.,21,2022-12-09T00:00:00Z,45126,-,-,-,-,-,-,-,-,-,-,-,-,-,-,-,-,-,-,-,-,-,-,-,-,-,-,-,-,-,451,789,661,432,466,600,377,511,-,-,-,-
A289,Dorcot Ave. Westbound West of Lyon Heights Rd.,21,2022-12-09T00:00:00Z,45126,-,-,-,-,-,-,-,-,-,-,-,-,-,-,-,-,-,-,-,-,-,-,-,-,-,-,-,-,-,37,68,35,39,57,77,72,57,-,-,-,-
A290,Finch Ave. E. Westbound West of Birchmount Rd.,22,2022-12-16T00:00:00Z,45125,-,-,-,-,-,-,-,-,-,-,-,-,-,-,-,-,-,-,-,-,-,-,-,-,-,-,-,-,-,769,1494,1443,1002,1433,1507,489,879,-,-,-,-
A291,Glendower Circuit Southbound Near Nearwood Gate,22,2022-12-16T00:00:00Z,45125,-,-,-,-,-,-,-,-,-,-,-,-,-,-,-,-,-,-,-,-,-,-,-,-,-,-,-,-,-,11,49,13,22,26,27,41,28,-,-,-,-
A292,Brimley Rd. Northbound North of Pitfield Rd.,23,2022-12-16T00:00:00Z,45133,-,-,-,-,-,-,-,-,-,-,-,-,-,-,-,-,-,-,-,-,-,-,-,-,-,-,-,-,-,361,1293,1029,876,965,1099,412,1048,-,-,-,-
A293,Ingleton Blvd. Eastbound East of Presidents Court,23,2022-12-16T00:00:00Z,45133,-,-,-,-,-,-,-,-,-,-,-,-,-,-,-,-,-,-,-,-,-,-,-,-,-,-,-,-,-,27,44,23,29,26,39,39,27,-,-,-,-
A294,Morningside Ave. Northbound North of Danzig St.,24,2022-12-12T00:00:00Z,45132,-,-,-,-,-,-,-,-,-,-,-,-,-,-,-,-,-,-,-,-,-,-,-,-,-,-,-,-,-,82,232,130,165,67,178,147,203,-,-,-,-
A295,Dormington Dr. Northbound North of Ellesmere Rd.,24,2022-12-21T00:00:00Z,45132,-,-,-,-,-,-,-,-,-,-,-,-,-,-,-,-,-,-,-,-,-,-,-,-,-,-,-,-,-,26,58,41,32,34,28,24,37,-,-,-,-
A296,Morrish Rd. Southbound Near Starfire Dr.,25,2022-12-16T00:00:00Z,45133,-,-,-,-,-,-,-,-,-,-,-,-,-,-,-,-,-,-,-,-,-,-,-,-,-,-,-,-,-,175,166,206,281,309,206,105,80,-,-,-,-
A297,Littles Rd. Southbound South of Rangeley Dr.,25,2022-12-16T00:00:00Z,45133,-,-,-,-,-,-,-,-,-,-,-,-,-,-,-,-,-,-,-,-,-,-,-,-,-,-,-,-,-,46,102,53,70,85,43,61,42,-,-,-,-
A072,Essex St. Westbound West of Christie St.,11,2023-08-11T00:00:00Z,Present,-,-,-,-,-,-,-,-,-,-,-,-,-,-,-,-,-,-,-,-,-,-,-,-,-,-,-,-,-,-,-,-,-,-,-,-,-,123,122,82,133
A174,Queen St. E. Eastbound Near Sackville St.,13,2023-02-06T00:00:00Z,Present,-,-,-,-,-,-,-,-,-,-,-,-,-,-,-,-,-,-,-,-,-,-,-,-,-,-,-,-,-,-,-,165,364,334,317,274,479,592,443,443,341
A207,Parkside Dr. South of Algonquin Ave.,4,2022-04-14T00:00:00Z,Present,-,-,-,-,-,-,-,-,-,-,-,-,-,-,-,-,-,-,-,-,-,3586,2845,2602,1937,2356,2279,1137,854,1841,1815,1751,1553,1729,2653,2068,3502,3357,2696,2129,2517
A282,Beecroft Rd. Southbound Near Lorraine Dr.,18,2022-11-11T00:00:00Z,Present,-,-,-,-,-,-,-,-,-,-,-,-,-,-,-,-,-,-,-,-,-,-,-,-,-,-,-,-,1214,1171,786,1121,1127,1015,1327,996,808,597,1236,476,106
A298,Thistle Down Blvd. Westbound East of Albion Rd.,1,2023-02-09T00:00:00Z,45195,-,-,-,-,-,-,-,-,-,-,-,-,-,-,-,-,-,-,-,-,-,-,-,-,-,-,-,-,-,-,-,247,166,157,103,25,41,31,42,-,-
A299,Martin Grove Rd. Northbound South of Eglinton Ave. W.,2,2023-02-09T00:00:00Z,Present,-,-,-,-,-,-,-,-,-,-,-,-,-,-,-,-,-,-,-,-,-,-,-,-,-,-,-,-,-,-,-,435,1149,627,780,775,1133,873,819,570,725
A300,Lansdowne Ave. Southbound Near 108 Lansdowne Ave.,4,2023-02-06T00:00:00Z,45119,-,-,-,-,-,-,-,-,-,-,-,-,-,-,-,-,-,-,-,-,-,-,-,-,-,-,-,-,-,-,-,157,160,87,62,75,10,-,-,-,-
A301,Pritchard Ave. Westbound Near Batavia Ave.,5,2023-02-09T00:00:00Z,Present,-,-,-,-,-,-,-,-,-,-,-,-,-,-,-,-,-,-,-,-,-,-,-,-,-,-,-,-,-,-,-,183,719,308,320,324,446,428,392,322,381
A302,Sheppard Ave. W. Westbound West of Keele St.,6,2023-02-17T00:00:00Z,Present,-,-,-,-,-,-,-,-,-,-,-,-,-,-,-,-,-,-,-,-,-,-,-,-,-,-,-,-,-,-,-,192,589,169,672,638,641,908,651,652,429
A303,Driftwood Ave. Eastbound East of Jane St.,7,2023-02-16T00:00:00Z,Present,-,-,-,-,-,-,-,-,-,-,-,-,-,-,-,-,-,-,-,-,-,-,-,-,-,-,-,-,-,-,-,24,346,220,285,175,243,162,165,141,120
A304,Avenue Rd. Northbound North of Elwood Blvd.,8,2023-02-09T00:00:00Z,Present,-,-,-,-,-,-,-,-,-,-,-,-,-,-,-,-,-,-,-,-,-,-,-,-,-,-,-,-,-,-,-,631,780,630,760,1422,1852,1820,1181,880,468
A305,Bloor St. W. Westbound West of Clinton St.,11,2023-02-06T00:00:00Z,Present,-,-,-,-,-,-,-,-,-,-,-,-,-,-,-,-,-,-,-,-,-,-,-,-,-,-,-,-,-,-,-,110,62,91,80,55,43,48,-,-,198
A306,Davisville Ave. Westbound East of Yonge St.,12,2023-02-09T00:00:00Z,Present,-,-,-,-,-,-,-,-,-,-,-,-,-,-,-,-,-,-,-,-,-,-,-,-,-,-,-,-,-,-,-,14,155,321,280,229,373,220,328,194,191
A307,Logan Ave. Northbound Near Wolfrey Ave.,14,2023-02-17T00:00:00Z,Present,-,-,-,-,-,-,-,-,-,-,-,-,-,-,-,-,-,-,-,-,-,-,-,-,-,-,-,-,-,-,-,78,817,314,621,505,818,708,866,280,692
A308,Harrison Rd. Northbound Near Vernham Ave.,15,2023-02-17T00:00:00Z,Present,-,-,-,-,-,-,-,-,-,-,-,-,-,-,-,-,-,-,-,-,-,-,-,-,-,-,-,-,-,-,-,9,36,52,44,46,52,50,45,11,7
A309,Sloane Ave. Southbound Near Draycott Dr.,16,2023-02-17T00:00:00Z,Present,-,-,-,-,-,-,-,-,-,-,-,-,-,-,-,-,-,-,-,-,-,-,-,-,-,-,-,-,-,-,-,72,204,54,129,94,177,162,243,51,125
A310,Freshmeadow Dr. Westbound West of Applegate Cres.,17,2023-02-17T00:00:00Z,Present,-,-,-,-,-,-,-,-,-,-,-,-,-,-,-,-,-,-,-,-,-,-,-,-,-,-,-,-,-,-,-,41,170,70,136,70,118,112,100,63,77
A311,Senlac Rd. Northbound North of Elynhill Dr.,18,2023-02-17T00:00:00Z,Present,-,-,-,-,-,-,-,-,-,-,-,-,-,-,-,-,-,-,-,-,-,-,-,-,-,-,-,-,-,-,-,20,88,72,82,52,66,49,26,-,4
A312,Danforth Rd. Eastbound East of Huntington Ave.,20,2023-02-21T00:00:00Z,Present,-,-,-,-,-,-,-,-,-,-,-,-,-,-,-,-,-,-,-,-,-,-,-,-,-,-,-,-,-,-,-,55,312,272,325,219,535,540,489,309,333
A313,Lawrence Ave. E. Eastbound Near Canlish Rd.,21,2023-02-28T00:00:00Z,Present,-,-,-,-,-,-,-,-,-,-,-,-,-,-,-,-,-,-,-,-,-,-,-,-,-,-,-,-,-,-,-,16,1385,1163,1103,1088,1452,1437,1587,1668,2049
A314,Birchmount Rd. Northbound North of Bay Mills Blvd.,22,2023-02-21T00:00:00Z,Present,-,-,-,-,-,-,-,-,-,-,-,-,-,-,-,-,-,-,-,-,-,-,-,-,-,-,-,-,-,-,-,82,594,636,910,441,1636,1340,907,749,1013
A315,Tapscott Rd. Westbound West of Blackwell Ave.,23,2023-03-01T00:00:00Z,Present,NA,NA,NA,-,-,-,-,-,-,-,-,-,-,-,-,-,-,-,-,-,-,-,-,-,-,-,-,-,-,-,-,-,639,558,569,290,439,418,414,383,257
A316,Orton Park Rd. Southbound South of Ellesmere Rd.,24,2023-02-28T00:00:00Z,Present,-,-,-,-,-,-,-,-,-,-,-,-,-,-,-,-,-,-,-,-,-,-,-,-,-,-,-,-,-,-,-,10,339,189,177,252,326,343,237,245,319
A317,Lawrence Ave. E. Westbound West of Port Union Rd.,25,2023-02-28T00:00:00Z,Present,-,-,-,-,-,-,-,-,-,-,-,-,-,-,-,-,-,-,-,-,-,-,-,-,-,-,-,-,-,-,-,4,393,275,339,127,266,465,293,365,329
A318,Kipling Ave. Southbound North of Coolhurst Dr.,1,2023-07-13T00:00:00Z,Present,-,-,-,-,-,-,-,-,-,-,-,-,-,-,-,-,-,-,-,-,-,-,-,-,-,-,-,-,-,-,-,-,-,-,-,-,1568,1292,1427,866,1060
A319,Mount Olive Dr. Southbound North of Dorward Dr.,1,2023-07-13T00:00:00Z,Present,-,-,-,-,-,-,-,-,-,-,-,-,-,-,-,-,-,-,-,-,-,-,-,-,-,-,-,-,-,-,-,-,-,-,-,-,202,249,172,140,136
A320,Kipling Ave. Northbound Near Gracey Blvd.,2,2023-07-20T00:00:00Z,Present,-,-,-,-,-,-,-,-,-,-,-,-,-,-,-,-,-,-,-,-,-,-,-,-,-,-,-,-,-,-,-,-,-,-,-,-,146,258,204,292,217
A321,La Rose Ave. Eastbound East of Timothy Court,2,2023-07-20T00:00:00Z,Present,-,-,-,-,-,-,-,-,-,-,-,-,-,-,-,-,-,-,-,-,-,-,-,-,-,-,-,-,-,-,-,-,-,-,-,-,210,474,440,901,947
A322,Twenty First St. Northbound North of Lake Shore Blvd. W.,3,2023-07-20T00:00:00Z,Present,-,-,-,-,-,-,-,-,-,-,-,-,-,-,-,-,-,-,-,-,-,-,-,-,-,-,-,-,-,-,-,-,-,-,-,-,179,339,234,277,210
A323,Lake Shore Blvd. W. Westbound West of Thirty Fifth St.,3,2023-07-24T00:00:00Z,Present,-,-,-,-,-,-,-,-,-,-,-,-,-,-,-,-,-,-,-,-,-,-,-,-,-,-,-,-,-,-,-,-,-,-,-,-,150,301,407,821,644
A324,Indian Road Cres. Northbound North of Humberside Ave.,4,2023-07-21T00:00:00Z,Present,-,-,-,-,-,-,-,-,-,-,-,-,-,-,-,-,-,-,-,-,-,-,-,-,-,-,-,-,-,-,-,-,-,-,-,-,318,682,508,371,333
A325,McCormack St. Westbound Near Leigh St.,5,2023-07-14T00:00:00Z,Present,-,-,-,-,-,-,-,-,-,-,-,-,-,-,-,-,-,-,-,-,-,-,-,-,-,-,-,-,-,-,-,-,-,-,-,-,301,331,384,453,214
A326,Maple Leaf Dr. Eastbound Near Bourdon Ave.,5,2023-07-14T00:00:00Z,Present,-,-,-,-,-,-,-,-,-,-,-,-,-,-,-,-,-,-,-,-,-,-,-,-,-,-,-,-,-,-,-,-,-,-,-,-,356,489,542,1007,944
A327,Sheppard Ave. W. Westbound Near Blairville Rd.,6,2023-07-13T00:00:00Z,Present,-,-,-,-,-,-,-,-,-,-,-,-,-,-,-,-,-,-,-,-,-,-,-,-,-,-,-,-,-,-,-,-,-,-,-,-,62,527,377,268,205
A328,Highview Ave. Southbound North of Maurice Coulter Mews,6,2023-07-13T00:00:00Z,Present,-,-,-,-,-,-,-,-,-,-,-,-,-,-,-,-,-,-,-,-,-,-,-,-,-,-,-,-,-,-,-,-,-,-,-,-,589,236,437,197,194
A329,Jane St. Northbound North of Driftwood Ave.,7,2023-07-13T00:00:00Z,Present,-,-,-,-,-,-,-,-,-,-,-,-,-,-,-,-,-,-,-,-,-,-,-,-,-,-,-,-,-,-,-,-,-,-,-,-,1279,2267,1617,796,913
A330,Norfinch Dr. Northbound North of Finch Ave. W.,7,2023-07-13T00:00:00Z,Present,-,-,-,-,-,-,-,-,-,-,-,-,-,-,-,-,-,-,-,-,-,-,-,-,-,-,-,-,-,-,-,-,-,-,-,-,733,1208,833,580,709
A331,Lawrence Ave. W. Westbound West of Varna Dr.,8,2023-07-14T00:00:00Z,Present,-,-,-,-,-,-,-,-,-,-,-,-,-,-,-,-,-,-,-,-,-,-,-,-,-,-,-,-,-,-,-,-,-,-,-,-,1468,1979,1622,858,903
A332,Dufferin St. Northbound North of Preston Rd.,9,2023-08-11T00:00:00Z,Present,-,-,-,-,-,-,-,-,-,-,-,-,-,-,-,-,-,-,-,-,-,-,-,-,-,-,-,-,-,-,-,-,-,-,-,-,-,145,79,21,48
A333,Eireann Quay Northbound South of Queens Quay,10,2023-08-22T00:00:00Z,Present,-,-,-,-,-,-,-,-,-,-,-,-,-,-,-,-,-,-,-,-,-,-,-,-,-,-,-,-,-,-,-,-,-,-,-,-,-,158,771,1283,1564
A334,Lower Jarvis St. Northbound South of The Esplanade,10,2023-09-25T00:00:00Z,Present,-,-,-,-,-,-,-,-,-,-,-,-,-,-,-,-,-,-,-,-,-,-,-,-,-,-,-,-,-,-,-,-,-,-,-,-,-,-,449,5248,3757
A335,Mount Pleasant Rd. Northbound North of South Dr.,11,2023-08-11T00:00:00Z,45246,-,-,-,-,-,-,-,-,-,-,-,-,-,-,-,-,-,-,-,-,-,-,-,-,-,-,-,-,-,-,-,-,-,-,-,-,-,809,1045,896,0
A336,Avenue Rd. Northbound North of Heath St. W.,12,2023-07-21T00:00:00Z,45239,-,-,-,-,-,-,-,-,-,-,-,-,-,-,-,-,-,-,-,-,-,-,-,-,-,-,-,-,-,-,-,-,-,-,-,-,152,361,308,147,0
A337,Mount Pleasant Rd. Northbound Near Balliol St.,12,2023-07-21T00:00:00Z,Present,-,-,-,-,-,-,-,-,-,-,-,-,-,-,-,-,-,-,-,-,-,-,-,-,-,-,-,-,-,-,-,-,-,-,-,-,24,42,50,72,29
A338,Bond St. Northbound North of Shuter St.,13,2023-08-25T00:00:00Z,Present,-,-,-,-,-,-,-,-,-,-,-,-,-,-,-,-,-,-,-,-,-,-,-,-,-,-,-,-,-,-,-,-,-,-,-,-,-,24,71,68,48
A339,Pembroke St. Southbound South of Dundas St. E.,13,2023-08-11T00:00:00Z,Present,-,-,-,-,-,-,-,-,-,-,-,-,-,-,-,-,-,-,-,-,-,-,-,-,-,-,-,-,-,-,-,-,-,-,-,-,-,237,360,241,241
A340,Durant Ave. Southbound South of Plains Rd.,14,2023-08-21T00:00:00Z,Present,-,-,-,-,-,-,-,-,-,-,-,-,-,-,-,-,-,-,-,-,-,-,-,-,-,-,-,-,-,-,-,-,-,-,-,-,-,134,242,137,151
A341,Coxwell Ave. Northbound North of Cosburn Ave.,14,2023-08-18T00:00:00Z,Present,-,-,-,-,-,-,-,-,-,-,-,-,-,-,-,-,-,-,-,-,-,-,-,-,-,-,-,-,-,-,-,-,-,-,-,-,-,736,686,872,663
A342,Denlow Blvd. Westbound Near Hamlet Gate,15,2023-07-27T00:00:00Z,Present,-,-,-,-,-,-,-,-,-,-,-,-,-,-,-,-,-,-,-,-,-,-,-,-,-,-,-,-,-,-,-,-,-,-,-,-,39,175,63,57,43
A343,Ranleigh Ave. Eastbound East of Yonge St.,15,2023-07-29T00:00:00Z,Present,-,-,-,-,-,-,-,-,-,-,-,-,-,-,-,-,-,-,-,-,-,-,-,-,-,-,-,-,-,-,-,-,-,-,-,-,16,108,103,61,52
A344,Brookbanks Dr. Westbound West of Parkwoods Village Dr.,16,2023-07-27T00:00:00Z,Present,-,-,-,-,-,-,-,-,-,-,-,-,-,-,-,-,-,-,-,-,-,-,-,-,-,-,-,-,-,-,-,-,-,-,-,-,133,856,751,502,379
A345,Gateway Blvd. Southbound Near Grenoble Dr.,16,2023-08-21T00:00:00Z,Present,-,-,-,-,-,-,-,-,-,-,-,-,-,-,-,-,-,-,-,-,-,-,-,-,-,-,-,-,-,-,-,-,-,-,-,-,-,180,340,157,155
A346,Don Mills Rd. Southbound South of Seneca Hill Dr.,17,2023-08-21T00:00:00Z,Present,-,-,-,-,-,-,-,-,-,-,-,-,-,-,-,-,-,-,-,-,-,-,-,-,-,-,-,-,-,-,-,-,-,-,-,-,-,844,1020,1392,1647
A347,Shaughnessy Blvd. Southbound Near Rochelle Cres.,17,2023-08-21T00:00:00Z,Present,-,-,-,-,-,-,-,-,-,-,-,-,-,-,-,-,-,-,-,-,-,-,-,-,-,-,-,-,-,-,-,-,-,-,-,-,-,355,2191,853,1579
A348,Hilda Ave. Northbound Near Crossen Dr.,18,2023-07-27T00:00:00Z,Present,-,-,-,-,-,-,-,-,-,-,-,-,-,-,-,-,-,-,-,-,-,-,-,-,-,-,-,-,-,-,-,-,-,-,-,-,65,854,741,356,467
A350,Victoria Park Ave. Northbound South of Kingston Rd.,19,2023-08-21T00:00:00Z,Present,-,-,-,-,-,-,-,-,-,-,-,-,-,-,-,-,-,-,-,-,-,-,-,-,-,-,-,-,-,-,-,-,-,-,-,-,-,290,492,482,458
A351,Bowmore Rd. Southbound South of Fairmount Cres.,19,2023-08-22T00:00:00Z,Present,-,-,-,-,-,-,-,-,-,-,-,-,-,-,-,-,-,-,-,-,-,-,-,-,-,-,-,-,-,-,-,-,-,-,-,-,-,3,4,7,6
A352,St. Clair Ave. E. Westbound West of Maybourne Ave.,20,2023-08-11T00:00:00Z,Present,-,-,-,-,-,-,-,-,-,-,-,-,-,-,-,-,-,-,-,-,-,-,-,-,-,-,-,-,-,-,-,-,-,-,-,-,-,272,259,566,787
A353,Mason Rd. Southbound South of Glenda Rd.,20,2023-08-14T00:00:00Z,Present,-,-,-,-,-,-,-,-,-,-,-,-,-,-,-,-,-,-,-,-,-,-,-,-,-,-,-,-,-,-,-,-,-,-,-,-,-,608,526,316,404
A354,Ellesmere Rd. Eastbound East of Warden Ave.,21,2023-07-28T00:00:00Z,Present,-,-,-,-,-,-,-,-,-,-,-,-,-,-,-,-,-,-,-,-,-,-,-,-,-,-,-,-,-,-,-,-,-,-,-,-,341,1324,848,473,84
A355,Birkdale Rd. Southbound Near Abbottswood Rd.,21,2023-07-28T00:00:00Z,Present,-,-,-,-,-,-,-,-,-,-,-,-,-,-,-,-,-,-,-,-,-,-,-,-,-,-,-,-,-,-,-,-,-,-,-,-,14,66,37,37,50
A356,Pharmacy Ave. Northbound Near 3200 Pharmacy Ave.,22,2023-07-28T00:00:00Z,Present,-,-,-,-,-,-,-,-,-,-,-,-,-,-,-,-,-,-,-,-,-,-,-,-,-,-,-,-,-,-,-,-,-,-,-,-,78,362,254,254,175
A357,Sheppard Ave. E. Eastbound East of Bay Mills Blvd.,22,2023-07-28T00:00:00Z,Present,-,-,-,-,-,-,-,-,-,-,-,-,-,-,-,-,-,-,-,-,-,-,-,-,-,-,-,-,-,-,-,-,-,-,-,-,200,1014,1133,997,831
A358,Finch Ave. E. Eastbound East of Brimley Rd.,23,2023-08-14T00:00:00Z,Present,-,-,-,-,-,-,-,-,-,-,-,-,-,-,-,-,-,-,-,-,-,-,-,-,-,-,-,-,-,-,-,-,-,-,-,-,-,146,203,277,275
A359,White Heather Blvd. Southbound Near Big Red Ave.,23,2023-08-14T00:00:00Z,Present,-,-,-,-,-,-,-,-,-,-,-,-,-,-,-,-,-,-,-,-,-,-,-,-,-,-,-,-,-,-,-,-,-,-,-,-,-,117,79,50,111
A360,Markham Rd. Southbound South of Greencedar Circuit,24,2023-08-14T00:00:00Z,Present,-,-,-,-,-,-,-,-,-,-,-,-,-,-,-,-,-,-,-,-,-,-,-,-,-,-,-,-,-,-,-,-,-,-,-,-,-,1024,1602,1074,1107
A361,Brimorton Dr. Westbound West of Gaitwin Place,24,2023-08-14T00:00:00Z,Present,-,-,-,-,-,-,-,-,-,-,-,-,-,-,-,-,-,-,-,-,-,-,-,-,-,-,-,-,-,-,-,-,-,-,-,-,-,178,322,633,552
A362,Military Trail Westbound Near Bobmar Rd.,25,2023-08-14T00:00:00Z,Present,-,-,-,-,-,-,-,-,-,-,-,-,-,-,-,-,-,-,-,-,-,-,-,-,-,-,-,-,-,-,-,-,-,-,-,-,-,283,306,329,227
A363,Nightstar Rd. Westbound Near Pogonia St.,25,2023-08-14T00:00:00Z,Present,-,-,-,-,-,-,-,-,-,-,-,-,-,-,-,-,-,-,-,-,-,-,-,-,-,-,-,-,-,-,-,-,-,-,-,-,-,139,158,168,131
NA,NA,NA,NA,NA,NA,NA,NA,NA,NA,NA,NA,NA,NA,NA,NA,NA,NA,NA,NA,NA,NA,NA,NA,NA,NA,NA,NA,NA,NA,NA,NA,NA,NA,NA,NA,NA,NA,NA,NA,NA,NA,NA,NA,NA,NA
*Please note -  ASE charge data may be affected  by direct and/or indirect factors that may vary among sites.,NA,NA,NA,NA,NA,NA,NA,NA,NA,NA,NA,NA,NA,NA,NA,NA,NA,NA,NA,NA,NA,NA,NA,NA,NA,NA,NA,NA,NA,NA,NA,NA,NA,NA,NA,NA,NA,NA,NA,NA,NA,NA,NA,NA,NA
